Workbook

Sheet 1-Carga de datos

Sheet 2-Resumen
B1: Salario | C1: Edad
A2: Promedio | B2: =AVERAGE(moras[SALARIO]) -> 22574401 | C2: =AVERAGE(moras[EDAD]) -> 41.906344
A3: Desviación estándar | B3: =STDEV(moras[SALARIO]) -> 60099618 | C3: =STDEV(moras[EDAD]) -> 14.169257 | F3: Tipo de aseguramiento
A4: Moda | B4: =MODE(moras[SALARIO]) -> 297046 | C4: =MODE(moras[EDAD]) -> 36 | E4: Moda | F4: {=_xlfn.LET(_xlpm.col, moras[TIPO_ASEGURAMIENTO], _xlpm.unicos, _xlfn.UNIQUE(_xlpm.col), _xlpm.conteos, COUNTIF(_xlpm.col, _xlpm.unicos), INDEX(_xlpm.unicos, _xlfn.XMATCH(MAX(_xlpm.conteos), _xlpm.conteos)))} -> ASALARIADO
A5: Máximo | B5: =MAX(moras[SALARIO]) -> 1158018598 | C5: =MAX(moras[EDAD]) -> 99
A6: Mínimo | B6: =MIN(moras[SALARIO]) -> 10 | C6: =MIN(moras[EDAD]) -> 14
A7: Mediana | B7: =MEDIAN(moras[SALARIO]) -> 639148 | C7: =MEDIAN(moras[EDAD]) -> 40

Sheet moras
A1: IDENTIFICACION | B1: SEXO | C1: SALARIO | D1: SALARIO_GRUPO | E1: SALARIO SIN NA´S | F1: Z-CORE | G1: INDICADOR_VALOR_ATÍPICO_SALARIO | H1: TIPO_ASEGURAMIENTO | I1: TIPO_ASEGURAMIENTO_SIN_NA´S | J1: SECTOR | K1: INDICADOR_ACTIVO | L1: INDICADOR.EXTRANJERO | M1: INDICADOR_MOROSO | N1: EDAD | O1: EDAD_SIN_NA´S | P1: EDAD_GRUPO | Q1: Z-CORE E | R1: INDICADOR_VALOR_ATÍPICO_EDAD
A2: 151 | B2: MUJER | C2: 299647 | D2: =IF(moras[[#This Row],[SALARIO]] <= '8-Morosidad en númericas'!$C$3, "BAJO", IF(moras[[#This Row],[SALARIO]] <= '8-Morosidad en númericas'!$C$4, "MEDIO-BAJO", IF(moras[[#This Row],[SALARIO]] <='8-Morosidad en númericas'!$C$5, "MEDIO-ALTO", "ALTO"))) -> BAJO | E2: =IF(moras[[#This Row],[SALARIO]]="",'2-Resumen'!$B$7, moras[[#This Row],[SALARIO]]) -> 299647 | F2: =STANDARDIZE(moras[[#This Row],[SALARIO]],'2-Resumen'!$B$2,'2-Resumen'!$B$3) -> -0.37063054 | G2: =IF(ABS(moras[[#This Row],[Z-CORE]])> 1.96,"Sí", "No") -> No | I2: =IF(moras[[#This Row],[TIPO_ASEGURAMIENTO]] = "", '2-Resumen'!$F$4, moras[[#This Row],[TIPO_ASEGURAMIENTO]]) -> ASALARIADO | J2: SECTOR PRIVADO | K2: SI | L2: NO | M2: NO | N2: 40 | O2: =IF(moras[[#This Row],[EDAD]]="", '2-Resumen'!$C$7, moras[[#This Row],[EDAD]]) -> 40 | P2: =FLOOR(moras[[#This Row],[EDAD_SIN_NA´S]],10) -> 40 | Q2: =STANDARDIZE(moras[[#This Row],[EDAD]],'2-Resumen'!$C$2, '2-Resumen'!$C$3) -> -0.13454084 | R2: =IF(ABS(moras[[#This Row],[Z-CORE E]]) > 1.96, "Sí", "No") -> No
A3: 1 | B3: HOMBRE | D3: =IF(moras[[#This Row],[SALARIO]] <= '8-Morosidad en númericas'!$C$3, "BAJO", IF(moras[[#This Row],[SALARIO]] <= '8-Morosidad en númericas'!$C$4, "MEDIO-BAJO", IF(moras[[#This Row],[SALARIO]] <='8-Morosidad en númericas'!$C$5, "MEDIO-ALTO", "ALTO"))) -> BAJO | E3: =IF(moras[[#This Row],[SALARIO]]="",'2-Resumen'!$B$7, moras[[#This Row],[SALARIO]]) -> 639148 | F3: =STANDARDIZE(moras[[#This Row],[SALARIO]],'2-Resumen'!$B$2,'2-Resumen'!$B$3) -> -0.37561638 | G3: =IF(ABS(moras[[#This Row],[Z-CORE]])> 1.96,"Sí", "No") -> No | H3: ASALARIADO | I3: =IF(moras[[#This Row],[TIPO_ASEGURAMIENTO]] = "", '2-Resumen'!$F$4, moras[[#This Row],[TIPO_ASEGURAMIENTO]]) -> ASALARIADO | J3: SECTOR PUBLICO | K3: SI | L3: NO | M3: NO | N3: 42 | O3: =IF(moras[[#This Row],[EDAD]]="", '2-Resumen'!$C$7, moras[[#This Row],[EDAD]]) -> 42 | P3: =FLOOR(moras[[#This Row],[EDAD_SIN_NA´S]],10) -> 40 | Q3: =STANDARDIZE(moras[[#This Row],[EDAD]],'2-Resumen'!$C$2, '2-Resumen'!$C$3) -> 0.0066098168 | R3: =IF(ABS(moras[[#This Row],[Z-CORE E]]) > 1.96, "Sí", "No") -> No
A4: 3 | B4: MUJER | C4: 27048601 | D4: =IF(moras[[#This Row],[SALARIO]] <= '8-Morosidad en númericas'!$C$3, "BAJO", IF(moras[[#This Row],[SALARIO]] <= '8-Morosidad en númericas'!$C$4, "MEDIO-BAJO", IF(moras[[#This Row],[SALARIO]] <='8-Morosidad en númericas'!$C$5, "MEDIO-ALTO", "ALTO"))) -> ALTO | E4: =IF(moras[[#This Row],[SALARIO]]="",'2-Resumen'!$B$7, moras[[#This Row],[SALARIO]]) -> 27048601 | F4: =STANDARDIZE(moras[[#This Row],[SALARIO]],'2-Resumen'!$B$2,'2-Resumen'!$B$3) -> 0.074446392 | G4: =IF(ABS(moras[[#This Row],[Z-CORE]])> 1.96,"Sí", "No") -> No | H4: ASALARIADO | I4: =IF(moras[[#This Row],[TIPO_ASEGURAMIENTO]] = "", '2-Resumen'!$F$4, moras[[#This Row],[TIPO_ASEGURAMIENTO]]) -> ASALARIADO | J4: SECTOR PRIVADO | K4: SI | L4: NO | M4: NO | N4: 45 | O4: =IF(moras[[#This Row],[EDAD]]="", '2-Resumen'!$C$7, moras[[#This Row],[EDAD]]) -> 45 | P4: =FLOOR(moras[[#This Row],[EDAD_SIN_NA´S]],10) -> 40 | Q4: =STANDARDIZE(moras[[#This Row],[EDAD]],'2-Resumen'!$C$2, '2-Resumen'!$C$3) -> 0.21833581 | R4: =IF(ABS(moras[[#This Row],[Z-CORE E]]) > 1.96, "Sí", "No") -> No
A5: 4 | B5: MUJER | C5: 54494983 | D5: =IF(moras[[#This Row],[SALARIO]] <= '8-Morosidad en númericas'!$C$3, "BAJO", IF(moras[[#This Row],[SALARIO]] <= '8-Morosidad en númericas'!$C$4, "MEDIO-BAJO", IF(moras[[#This Row],[SALARIO]] <='8-Morosidad en númericas'!$C$5, "MEDIO-ALTO", "ALTO"))) -> ALTO | E5: =IF(moras[[#This Row],[SALARIO]]="",'2-Resumen'!$B$7, moras[[#This Row],[SALARIO]]) -> 54494983 | F5: =STANDARDIZE(moras[[#This Row],[SALARIO]],'2-Resumen'!$B$2,'2-Resumen'!$B$3) -> 0.53112786 | G5: =IF(ABS(moras[[#This Row],[Z-CORE]])> 1.96,"Sí", "No") -> No | H5: ASALARIADO | I5: =IF(moras[[#This Row],[TIPO_ASEGURAMIENTO]] = "", '2-Resumen'!$F$4, moras[[#This Row],[TIPO_ASEGURAMIENTO]]) -> ASALARIADO | J5: SECTOR PRIVADO | K5: SI | L5: NO | M5: NO | N5: 49 | O5: =IF(moras[[#This Row],[EDAD]]="", '2-Resumen'!$C$7, moras[[#This Row],[EDAD]]) -> 49 | P5: =FLOOR(moras[[#This Row],[EDAD_SIN_NA´S]],10) -> 40 | Q5: =STANDARDIZE(moras[[#This Row],[EDAD]],'2-Resumen'!$C$2, '2-Resumen'!$C$3) -> 0.50063713 | R5: =IF(ABS(moras[[#This Row],[Z-CORE E]]) > 1.96, "Sí", "No") -> No
A6: 5 | B6: MUJER | C6: 210000 | D6: =IF(moras[[#This Row],[SALARIO]] <= '8-Morosidad en númericas'!$C$3, "BAJO", IF(moras[[#This Row],[SALARIO]] <= '8-Morosidad en númericas'!$C$4, "MEDIO-BAJO", IF(moras[[#This Row],[SALARIO]] <='8-Morosidad en númericas'!$C$5, "MEDIO-ALTO", "ALTO"))) -> BAJO | E6: =IF(moras[[#This Row],[SALARIO]]="",'2-Resumen'!$B$7, moras[[#This Row],[SALARIO]]) -> 210000 | F6: =STANDARDIZE(moras[[#This Row],[SALARIO]],'2-Resumen'!$B$2,'2-Resumen'!$B$3) -> -0.37212218 | G6: =IF(ABS(moras[[#This Row],[Z-CORE]])> 1.96,"Sí", "No") -> No | H6: ASALARIADO | I6: =IF(moras[[#This Row],[TIPO_ASEGURAMIENTO]] = "", '2-Resumen'!$F$4, moras[[#This Row],[TIPO_ASEGURAMIENTO]]) -> ASALARIADO | J6: SECTOR PRIVADO | K6: SI | L6: NO | M6: NO | N6: 42 | O6: =IF(moras[[#This Row],[EDAD]]="", '2-Resumen'!$C$7, moras[[#This Row],[EDAD]]) -> 42 | P6: =FLOOR(moras[[#This Row],[EDAD_SIN_NA´S]],10) -> 40 | Q6: =STANDARDIZE(moras[[#This Row],[EDAD]],'2-Resumen'!$C$2, '2-Resumen'!$C$3) -> 0.0066098168 | R6: =IF(ABS(moras[[#This Row],[Z-CORE E]]) > 1.96, "Sí", "No") -> No
A7: 6 | B7: HOMBRE | C7: 397150 | D7: =IF(moras[[#This Row],[SALARIO]] <= '8-Morosidad en númericas'!$C$3, "BAJO", IF(moras[[#This Row],[SALARIO]] <= '8-Morosidad en númericas'!$C$4, "MEDIO-BAJO", IF(moras[[#This Row],[SALARIO]] <='8-Morosidad en númericas'!$C$5, "MEDIO-ALTO", "ALTO"))) -> MEDIO-BAJO | E7: =IF(moras[[#This Row],[SALARIO]]="",'2-Resumen'!$B$7, moras[[#This Row],[SALARIO]]) -> 397150 | F7: =STANDARDIZE(moras[[#This Row],[SALARIO]],'2-Resumen'!$B$2,'2-Resumen'!$B$3) -> -0.36900819 | G7: =IF(ABS(moras[[#This Row],[Z-CORE]])> 1.96,"Sí", "No") -> No | H7: ASALARIADO | I7: =IF(moras[[#This Row],[TIPO_ASEGURAMIENTO]] = "", '2-Resumen'!$F$4, moras[[#This Row],[TIPO_ASEGURAMIENTO]]) -> ASALARIADO | J7: SECTOR PRIVADO | K7: SI | L7: NO | M7: NO | N7: 44 | O7: =IF(moras[[#This Row],[EDAD]]="", '2-Resumen'!$C$7, moras[[#This Row],[EDAD]]) -> 44 | P7: =FLOOR(moras[[#This Row],[EDAD_SIN_NA´S]],10) -> 40 | Q7: =STANDARDIZE(moras[[#This Row],[EDAD]],'2-Resumen'!$C$2, '2-Resumen'!$C$3) -> 0.14776048 | R7: =IF(ABS(moras[[#This Row],[Z-CORE E]]) > 1.96, "Sí", "No") -> No
A8: 7 | B8: HOMBRE | C8: 854712 | D8: =IF(moras[[#This Row],[SALARIO]] <= '8-Morosidad en númericas'!$C$3, "BAJO", IF(moras[[#This Row],[SALARIO]] <= '8-Morosidad en númericas'!$C$4, "MEDIO-BAJO", IF(moras[[#This Row],[SALARIO]] <='8-Morosidad en númericas'!$C$5, "MEDIO-ALTO", "ALTO"))) -> MEDIO-ALTO | E8: =IF(moras[[#This Row],[SALARIO]]="",'2-Resumen'!$B$7, moras[[#This Row],[SALARIO]]) -> 854712 | F8: =STANDARDIZE(moras[[#This Row],[SALARIO]],'2-Resumen'!$B$2,'2-Resumen'!$B$3) -> -0.36139479 | G8: =IF(ABS(moras[[#This Row],[Z-CORE]])> 1.96,"Sí", "No") -> No | H8: ASALARIADO | I8: =IF(moras[[#This Row],[TIPO_ASEGURAMIENTO]] = "", '2-Resumen'!$F$4, moras[[#This Row],[TIPO_ASEGURAMIENTO]]) -> ASALARIADO | J8: SECTOR PRIVADO | K8: SI | L8: NO | M8: NO | N8: 38 | O8: =IF(moras[[#This Row],[EDAD]]="", '2-Resumen'!$C$7, moras[[#This Row],[EDAD]]) -> 38 | P8: =FLOOR(moras[[#This Row],[EDAD_SIN_NA´S]],10) -> 30 | Q8: =STANDARDIZE(moras[[#This Row],[EDAD]],'2-Resumen'!$C$2, '2-Resumen'!$C$3) -> -0.2756915 | R8: =IF(ABS(moras[[#This Row],[Z-CORE E]]) > 1.96, "Sí", "No") -> No
A9: 8 | B9: HOMBRE | C9: 401000 | D9: =IF(moras[[#This Row],[SALARIO]] <= '8-Morosidad en númericas'!$C$3, "BAJO", IF(moras[[#This Row],[SALARIO]] <= '8-Morosidad en númericas'!$C$4, "MEDIO-BAJO", IF(moras[[#This Row],[SALARIO]] <='8-Morosidad en númericas'!$C$5, "MEDIO-ALTO", "ALTO"))) -> MEDIO-BAJO | E9: =IF(moras[[#This Row],[SALARIO]]="",'2-Resumen'!$B$7, moras[[#This Row],[SALARIO]]) -> 401000 | F9: =STANDARDIZE(moras[[#This Row],[SALARIO]],'2-Resumen'!$B$2,'2-Resumen'!$B$3) -> -0.36894413 | G9: =IF(ABS(moras[[#This Row],[Z-CORE]])> 1.96,"Sí", "No") -> No | H9: ASALARIADO | I9: =IF(moras[[#This Row],[TIPO_ASEGURAMIENTO]] = "", '2-Resumen'!$F$4, moras[[#This Row],[TIPO_ASEGURAMIENTO]]) -> ASALARIADO | J9: SECTOR PRIVADO | K9: SI | L9: SI | M9: SI | N9: 36 | O9: =IF(moras[[#This Row],[EDAD]]="", '2-Resumen'!$C$7, moras[[#This Row],[EDAD]]) -> 36 | P9: =FLOOR(moras[[#This Row],[EDAD_SIN_NA´S]],10) -> 30 | Q9: =STANDARDIZE(moras[[#This Row],[EDAD]],'2-Resumen'!$C$2, '2-Resumen'!$C$3) -> -0.41684216 | R9: =IF(ABS(moras[[#This Row],[Z-CORE E]]) > 1.96, "Sí", "No") -> No
A10: 9 | B10: MUJER | C10: 26470396 | D10: =IF(moras[[#This Row],[SALARIO]] <= '8-Morosidad en númericas'!$C$3, "BAJO", IF(moras[[#This Row],[SALARIO]] <= '8-Morosidad en númericas'!$C$4, "MEDIO-BAJO", IF(moras[[#This Row],[SALARIO]] <='8-Morosidad en númericas'!$C$5, "MEDIO-ALTO", "ALTO"))) -> ALTO | E10: =IF(moras[[#This Row],[SALARIO]]="",'2-Resumen'!$B$7, moras[[#This Row],[SALARIO]]) -> 26470396 | F10: =STANDARDIZE(moras[[#This Row],[SALARIO]],'2-Resumen'!$B$2,'2-Resumen'!$B$3) -> 0.064825616 | G10: =IF(ABS(moras[[#This Row],[Z-CORE]])> 1.96,"Sí", "No") -> No | H10: ASALARIADO | I10: =IF(moras[[#This Row],[TIPO_ASEGURAMIENTO]] = "", '2-Resumen'!$F$4, moras[[#This Row],[TIPO_ASEGURAMIENTO]]) -> ASALARIADO | J10: SECTOR PRIVADO | K10: SI | L10: NO | M10: NO | N10: 21 | O10: =IF(moras[[#This Row],[EDAD]]="", '2-Resumen'!$C$7, moras[[#This Row],[EDAD]]) -> 21 | P10: =FLOOR(moras[[#This Row],[EDAD_SIN_NA´S]],10) -> 20 | Q10: =STANDARDIZE(moras[[#This Row],[EDAD]],'2-Resumen'!$C$2, '2-Resumen'!$C$3) -> -1.4754721 | R10: =IF(ABS(moras[[#This Row],[Z-CORE E]]) > 1.96, "Sí", "No") -> No
A11: 10 | B11: HOMBRE | C11: 467712685 | D11: =IF(moras[[#This Row],[SALARIO]] <= '8-Morosidad en númericas'!$C$3, "BAJO", IF(moras[[#This Row],[SALARIO]] <= '8-Morosidad en númericas'!$C$4, "MEDIO-BAJO", IF(moras[[#This Row],[SALARIO]] <='8-Morosidad en númericas'!$C$5, "MEDIO-ALTO", "ALTO"))) -> ALTO | E11: =IF(moras[[#This Row],[SALARIO]]="",'2-Resumen'!$B$7, moras[[#This Row],[SALARIO]]) -> 467712685 | F11: =STANDARDIZE(moras[[#This Row],[SALARIO]],'2-Resumen'!$B$2,'2-Resumen'!$B$3) -> 7.406674 | G11: =IF(ABS(moras[[#This Row],[Z-CORE]])> 1.96,"Sí", "No") -> Sí | H11: ASALARIADO | I11: =IF(moras[[#This Row],[TIPO_ASEGURAMIENTO]] = "", '2-Resumen'!$F$4, moras[[#This Row],[TIPO_ASEGURAMIENTO]]) -> ASALARIADO | J11: SECTOR PRIVADO | K11: SI | L11: NO | M11: NO | N11: 40 | O11: =IF(moras[[#This Row],[EDAD]]="", '2-Resumen'!$C$7, moras[[#This Row],[EDAD]]) -> 40 | P11: =FLOOR(moras[[#This Row],[EDAD_SIN_NA´S]],10) -> 40 | Q11: =STANDARDIZE(moras[[#This Row],[EDAD]],'2-Resumen'!$C$2, '2-Resumen'!$C$3) -> -0.13454084 | R11: =IF(ABS(moras[[#This Row],[Z-CORE E]]) > 1.96, "Sí", "No") -> No
A12: 11 | B12: MUJER | C12: 1200000 | D12: =IF(moras[[#This Row],[SALARIO]] <= '8-Morosidad en númericas'!$C$3, "BAJO", IF(moras[[#This Row],[SALARIO]] <= '8-Morosidad en númericas'!$C$4, "MEDIO-BAJO", IF(moras[[#This Row],[SALARIO]] <='8-Morosidad en númericas'!$C$5, "MEDIO-ALTO", "ALTO"))) -> MEDIO-ALTO | E12: =IF(moras[[#This Row],[SALARIO]]="",'2-Resumen'!$B$7, moras[[#This Row],[SALARIO]]) -> 1200000 | F12: =STANDARDIZE(moras[[#This Row],[SALARIO]],'2-Resumen'!$B$2,'2-Resumen'!$B$3) -> -0.35564953 | G12: =IF(ABS(moras[[#This Row],[Z-CORE]])> 1.96,"Sí", "No") -> No | H12: ASALARIADO | I12: =IF(moras[[#This Row],[TIPO_ASEGURAMIENTO]] = "", '2-Resumen'!$F$4, moras[[#This Row],[TIPO_ASEGURAMIENTO]]) -> ASALARIADO | J12: SECTOR PRIVADO | K12: SI | L12: NO | M12: NO | N12: 30 | O12: =IF(moras[[#This Row],[EDAD]]="", '2-Resumen'!$C$7, moras[[#This Row],[EDAD]]) -> 30 | P12: =FLOOR(moras[[#This Row],[EDAD_SIN_NA´S]],10) -> 30 | Q12: =STANDARDIZE(moras[[#This Row],[EDAD]],'2-Resumen'!$C$2, '2-Resumen'!$C$3) -> -0.84029414 | R12: =IF(ABS(moras[[#This Row],[Z-CORE E]]) > 1.96, "Sí", "No") -> No
A13: 12 | B13: MUJER | C13: 1030132 | D13: =IF(moras[[#This Row],[SALARIO]] <= '8-Morosidad en númericas'!$C$3, "BAJO", IF(moras[[#This Row],[SALARIO]] <= '8-Morosidad en númericas'!$C$4, "MEDIO-BAJO", IF(moras[[#This Row],[SALARIO]] <='8-Morosidad en númericas'!$C$5, "MEDIO-ALTO", "ALTO"))) -> MEDIO-ALTO | E13: =IF(moras[[#This Row],[SALARIO]]="",'2-Resumen'!$B$7, moras[[#This Row],[SALARIO]]) -> 1030132 | F13: =STANDARDIZE(moras[[#This Row],[SALARIO]],'2-Resumen'!$B$2,'2-Resumen'!$B$3) -> -0.35847597 | G13: =IF(ABS(moras[[#This Row],[Z-CORE]])> 1.96,"Sí", "No") -> No | H13: ASALARIADO | I13: =IF(moras[[#This Row],[TIPO_ASEGURAMIENTO]] = "", '2-Resumen'!$F$4, moras[[#This Row],[TIPO_ASEGURAMIENTO]]) -> ASALARIADO | J13: SECTOR PUBLICO | K13: SI | L13: NO | M13: SI | N13: 58 | O13: =IF(moras[[#This Row],[EDAD]]="", '2-Resumen'!$C$7, moras[[#This Row],[EDAD]]) -> 58 | P13: =FLOOR(moras[[#This Row],[EDAD_SIN_NA´S]],10) -> 50 | Q13: =STANDARDIZE(moras[[#This Row],[EDAD]],'2-Resumen'!$C$2, '2-Resumen'!$C$3) -> 1.1358151 | R13: =IF(ABS(moras[[#This Row],[Z-CORE E]]) > 1.96, "Sí", "No") -> No
A14: 13 | B14: HOMBRE | C14: 7312875 | D14: =IF(moras[[#This Row],[SALARIO]] <= '8-Morosidad en númericas'!$C$3, "BAJO", IF(moras[[#This Row],[SALARIO]] <= '8-Morosidad en númericas'!$C$4, "MEDIO-BAJO", IF(moras[[#This Row],[SALARIO]] <='8-Morosidad en númericas'!$C$5, "MEDIO-ALTO", "ALTO"))) -> MEDIO-ALTO | E14: =IF(moras[[#This Row],[SALARIO]]="",'2-Resumen'!$B$7, moras[[#This Row],[SALARIO]]) -> 7312875 | F14: =STANDARDIZE(moras[[#This Row],[SALARIO]],'2-Resumen'!$B$2,'2-Resumen'!$B$3) -> -0.25393716 | G14: =IF(ABS(moras[[#This Row],[Z-CORE]])> 1.96,"Sí", "No") -> No | H14: ASALARIADO | I14: =IF(moras[[#This Row],[TIPO_ASEGURAMIENTO]] = "", '2-Resumen'!$F$4, moras[[#This Row],[TIPO_ASEGURAMIENTO]]) -> ASALARIADO | J14: SECTOR PUBLICO | K14: SI | L14: NO | M14: NO | N14: 40 | O14: =IF(moras[[#This Row],[EDAD]]="", '2-Resumen'!$C$7, moras[[#This Row],[EDAD]]) -> 40 | P14: =FLOOR(moras[[#This Row],[EDAD_SIN_NA´S]],10) -> 40 | Q14: =STANDARDIZE(moras[[#This Row],[EDAD]],'2-Resumen'!$C$2, '2-Resumen'!$C$3) -> -0.13454084 | R14: =IF(ABS(moras[[#This Row],[Z-CORE E]]) > 1.96, "Sí", "No") -> No
A15: 16 | B15: MUJER | C15: 19434895 | D15: =IF(moras[[#This Row],[SALARIO]] <= '8-Morosidad en númericas'!$C$3, "BAJO", IF(moras[[#This Row],[SALARIO]] <= '8-Morosidad en númericas'!$C$4, "MEDIO-BAJO", IF(moras[[#This Row],[SALARIO]] <='8-Morosidad en númericas'!$C$5, "MEDIO-ALTO", "ALTO"))) -> MEDIO-ALTO | E15: =IF(moras[[#This Row],[SALARIO]]="",'2-Resumen'!$B$7, moras[[#This Row],[SALARIO]]) -> 19434895 | F15: =STANDARDIZE(moras[[#This Row],[SALARIO]],'2-Resumen'!$B$2,'2-Resumen'!$B$3) -> -0.052238372 | G15: =IF(ABS(moras[[#This Row],[Z-CORE]])> 1.96,"Sí", "No") -> No | H15: ASALARIADO | I15: =IF(moras[[#This Row],[TIPO_ASEGURAMIENTO]] = "", '2-Resumen'!$F$4, moras[[#This Row],[TIPO_ASEGURAMIENTO]]) -> ASALARIADO | J15: SECTOR PUBLICO | K15: SI | L15: NO | M15: NO | N15: 58 | O15: =IF(moras[[#This Row],[EDAD]]="", '2-Resumen'!$C$7, moras[[#This Row],[EDAD]]) -> 58 | P15: =FLOOR(moras[[#This Row],[EDAD_SIN_NA´S]],10) -> 50 | Q15: =STANDARDIZE(moras[[#This Row],[EDAD]],'2-Resumen'!$C$2, '2-Resumen'!$C$3) -> 1.1358151 | R15: =IF(ABS(moras[[#This Row],[Z-CORE E]]) > 1.96, "Sí", "No") -> No
... A18: 19 | B18: HOMBRE | C18: 553939 | D18: =IF(moras[[#This Row],[SALARIO]] <= '8-Morosidad en númericas'!$C$3, "BAJO", IF(moras[[#This Row],[SALARIO]] <= '8-Morosidad en númericas'!$C$4, "MEDIO-BAJO", IF(moras[[#This Row],[SALARIO]] <='8-Morosidad en númericas'!$C$5, "MEDIO-ALTO", "ALTO"))) -> MEDIO-BAJO | E18: =IF(moras[[#This Row],[SALARIO]]="",'2-Resumen'!$B$7, moras[[#This Row],[SALARIO]]) -> 553939 | F18: =STANDARDIZE(moras[[#This Row],[SALARIO]],'2-Resumen'!$B$2,'2-Resumen'!$B$3) -> -0.36639937 | G18: =IF(ABS(moras[[#This Row],[Z-CORE]])> 1.96,"Sí", "No") -> No | H18: ASALARIADO | I18: =IF(moras[[#This Row],[TIPO_ASEGURAMIENTO]] = "", '2-Resumen'!$F$4, moras[[#This Row],[TIPO_ASEGURAMIENTO]]) -> ASALARIADO | J18: SECTOR PRIVADO | K18: SI | L18: NO | M18: NO | N18: 45 | O18: =IF(moras[[#This Row],[EDAD]]="", '2-Resumen'!$C$7, moras[[#This Row],[EDAD]]) -> 45 | P18: =FLOOR(moras[[#This Row],[EDAD_SIN_NA´S]],10) -> 40 | Q18: =STANDARDIZE(moras[[#This Row],[EDAD]],'2-Resumen'!$C$2, '2-Resumen'!$C$3) -> 0.21833581 | R18: =IF(ABS(moras[[#This Row],[Z-CORE E]]) > 1.96, "Sí", "No") -> No
A19: 21 | B19: MUJER | D19: =IF(moras[[#This Row],[SALARIO]] <= '8-Morosidad en númericas'!$C$3, "BAJO", IF(moras[[#This Row],[SALARIO]] <= '8-Morosidad en númericas'!$C$4, "MEDIO-BAJO", IF(moras[[#This Row],[SALARIO]] <='8-Morosidad en númericas'!$C$5, "MEDIO-ALTO", "ALTO"))) -> BAJO | E19: =IF(moras[[#This Row],[SALARIO]]="",'2-Resumen'!$B$7, moras[[#This Row],[SALARIO]]) -> 639148 | F19: =STANDARDIZE(moras[[#This Row],[SALARIO]],'2-Resumen'!$B$2,'2-Resumen'!$B$3) -> -0.37561638 | G19: =IF(ABS(moras[[#This Row],[Z-CORE]])> 1.96,"Sí", "No") -> No | H19: ASALARIADO | I19: =IF(moras[[#This Row],[TIPO_ASEGURAMIENTO]] = "", '2-Resumen'!$F$4, moras[[#This Row],[TIPO_ASEGURAMIENTO]]) -> ASALARIADO | J19: SECTOR PRIVADO | K19: SI | L19: SI | M19: NO | N19: 28 | O19: =IF(moras[[#This Row],[EDAD]]="", '2-Resumen'!$C$7, moras[[#This Row],[EDAD]]) -> 28 | P19: =FLOOR(moras[[#This Row],[EDAD_SIN_NA´S]],10) -> 20 | Q19: =STANDARDIZE(moras[[#This Row],[EDAD]],'2-Resumen'!$C$2, '2-Resumen'!$C$3) -> -0.9814448 | R19: =IF(ABS(moras[[#This Row],[Z-CORE E]]) > 1.96, "Sí", "No") -> No
A20: 23 | B20: HOMBRE | C20: 2124814 | D20: =IF(moras[[#This Row],[SALARIO]] <= '8-Morosidad en númericas'!$C$3, "BAJO", IF(moras[[#This Row],[SALARIO]] <= '8-Morosidad en númericas'!$C$4, "MEDIO-BAJO", IF(moras[[#This Row],[SALARIO]] <='8-Morosidad en númericas'!$C$5, "MEDIO-ALTO", "ALTO"))) -> MEDIO-ALTO | E20: =IF(moras[[#This Row],[SALARIO]]="",'2-Resumen'!$B$7, moras[[#This Row],[SALARIO]]) -> 2124814 | F20: =STANDARDIZE(moras[[#This Row],[SALARIO]],'2-Resumen'!$B$2,'2-Resumen'!$B$3) -> -0.34026152 | G20: =IF(ABS(moras[[#This Row],[Z-CORE]])> 1.96,"Sí", "No") -> No | H20: ASALARIADO | I20: =IF(moras[[#This Row],[TIPO_ASEGURAMIENTO]] = "", '2-Resumen'!$F$4, moras[[#This Row],[TIPO_ASEGURAMIENTO]]) -> ASALARIADO | J20: SECTOR PRIVADO | K20: SI | L20: NO | M20: NO | N20: 32 | O20: =IF(moras[[#This Row],[EDAD]]="", '2-Resumen'!$C$7, moras[[#This Row],[EDAD]]) -> 32 | P20: =FLOOR(moras[[#This Row],[EDAD_SIN_NA´S]],10) -> 30 | Q20: =STANDARDIZE(moras[[#This Row],[EDAD]],'2-Resumen'!$C$2, '2-Resumen'!$C$3) -> -0.69914348 | R20: =IF(ABS(moras[[#This Row],[Z-CORE E]]) > 1.96, "Sí", "No") -> No
A21: 24 | B21: HOMBRE | C21: 19174468 | D21: =IF(moras[[#This Row],[SALARIO]] <= '8-Morosidad en númericas'!$C$3, "BAJO", IF(moras[[#This Row],[SALARIO]] <= '8-Morosidad en númericas'!$C$4, "MEDIO-BAJO", IF(moras[[#This Row],[SALARIO]] <='8-Morosidad en númericas'!$C$5, "MEDIO-ALTO", "ALTO"))) -> MEDIO-ALTO | E21: =IF(moras[[#This Row],[SALARIO]]="",'2-Resumen'!$B$7, moras[[#This Row],[SALARIO]]) -> 19174468 | F21: =STANDARDIZE(moras[[#This Row],[SALARIO]],'2-Resumen'!$B$2,'2-Resumen'!$B$3) -> -0.056571628 | G21: =IF(ABS(moras[[#This Row],[Z-CORE]])> 1.96,"Sí", "No") -> No | H21: ASALARIADO | I21: =IF(moras[[#This Row],[TIPO_ASEGURAMIENTO]] = "", '2-Resumen'!$F$4, moras[[#This Row],[TIPO_ASEGURAMIENTO]]) -> ASALARIADO | J21: SECTOR PRIVADO | K21: SI | L21: NO | M21: NO | N21: 18 | O21: =IF(moras[[#This Row],[EDAD]]="", '2-Resumen'!$C$7, moras[[#This Row],[EDAD]]) -> 18 | P21: =FLOOR(moras[[#This Row],[EDAD_SIN_NA´S]],10) -> 10 | Q21: =STANDARDIZE(moras[[#This Row],[EDAD]],'2-Resumen'!$C$2, '2-Resumen'!$C$3) -> -1.6871981 | R21: =IF(ABS(moras[[#This Row],[Z-CORE E]]) > 1.96, "Sí", "No") -> No
A22: 25 | B22: MUJER | C22: 1117489 | D22: =IF(moras[[#This Row],[SALARIO]] <= '8-Morosidad en númericas'!$C$3, "BAJO", IF(moras[[#This Row],[SALARIO]] <= '8-Morosidad en númericas'!$C$4, "MEDIO-BAJO", IF(moras[[#This Row],[SALARIO]] <='8-Morosidad en númericas'!$C$5, "MEDIO-ALTO", "ALTO"))) -> MEDIO-ALTO | E22: =IF(moras[[#This Row],[SALARIO]]="",'2-Resumen'!$B$7, moras[[#This Row],[SALARIO]]) -> 1117489 | F22: =STANDARDIZE(moras[[#This Row],[SALARIO]],'2-Resumen'!$B$2,'2-Resumen'!$B$3) -> -0.35702244 | G22: =IF(ABS(moras[[#This Row],[Z-CORE]])> 1.96,"Sí", "No") -> No | H22: ASALARIADO | I22: =IF(moras[[#This Row],[TIPO_ASEGURAMIENTO]] = "", '2-Resumen'!$F$4, moras[[#This Row],[TIPO_ASEGURAMIENTO]]) -> ASALARIADO | J22: SECTOR PUBLICO | K22: SI | L22: NO | M22: SI | N22: 36 | O22: =IF(moras[[#This Row],[EDAD]]="", '2-Resumen'!$C$7, moras[[#This Row],[EDAD]]) -> 36 | P22: =FLOOR(moras[[#This Row],[EDAD_SIN_NA´S]],10) -> 30 | Q22: =STANDARDIZE(moras[[#This Row],[EDAD]],'2-Resumen'!$C$2, '2-Resumen'!$C$3) -> -0.41684216 | R22: =IF(ABS(moras[[#This Row],[Z-CORE E]]) > 1.96, "Sí", "No") -> No
A23: 27 | B23: HOMBRE | C23: 66700 | D23: =IF(moras[[#This Row],[SALARIO]] <= '8-Morosidad en númericas'!$C$3, "BAJO", IF(moras[[#This Row],[SALARIO]] <= '8-Morosidad en númericas'!$C$4, "MEDIO-BAJO", IF(moras[[#This Row],[SALARIO]] <='8-Morosidad en númericas'!$C$5, "MEDIO-ALTO", "ALTO"))) -> BAJO | E23: =IF(moras[[#This Row],[SALARIO]]="",'2-Resumen'!$B$7, moras[[#This Row],[SALARIO]]) -> 66700 | F23: =STANDARDIZE(moras[[#This Row],[SALARIO]],'2-Resumen'!$B$2,'2-Resumen'!$B$3) -> -0.37450656 | G23: =IF(ABS(moras[[#This Row],[Z-CORE]])> 1.96,"Sí", "No") -> No | H23: ASALARIADO | I23: =IF(moras[[#This Row],[TIPO_ASEGURAMIENTO]] = "", '2-Resumen'!$F$4, moras[[#This Row],[TIPO_ASEGURAMIENTO]]) -> ASALARIADO | J23: SECTOR PRIVADO | K23: SI | L23: NO | M23: NO | N23: 38 | O23: =IF(moras[[#This Row],[EDAD]]="", '2-Resumen'!$C$7, moras[[#This Row],[EDAD]]) -> 38 | P23: =FLOOR(moras[[#This Row],[EDAD_SIN_NA´S]],10) -> 30 | Q23: =STANDARDIZE(moras[[#This Row],[EDAD]],'2-Resumen'!$C$2, '2-Resumen'!$C$3) -> -0.2756915 | R23: =IF(ABS(moras[[#This Row],[Z-CORE E]]) > 1.96, "Sí", "No") -> No
A24: 28 | B24: MUJER | C24: 73410 | D24: =IF(moras[[#This Row],[SALARIO]] <= '8-Morosidad en númericas'!$C$3, "BAJO", IF(moras[[#This Row],[SALARIO]] <= '8-Morosidad en númericas'!$C$4, "MEDIO-BAJO", IF(moras[[#This Row],[SALARIO]] <='8-Morosidad en númericas'!$C$5, "MEDIO-ALTO", "ALTO"))) -> BAJO | E24: =IF(moras[[#This Row],[SALARIO]]="",'2-Resumen'!$B$7, moras[[#This Row],[SALARIO]]) -> 73410 | F24: =STANDARDIZE(moras[[#This Row],[SALARIO]],'2-Resumen'!$B$2,'2-Resumen'!$B$3) -> -0.37439491 | G24: =IF(ABS(moras[[#This Row],[Z-CORE]])> 1.96,"Sí", "No") -> No | H24: ASALARIADO | I24: =IF(moras[[#This Row],[TIPO_ASEGURAMIENTO]] = "", '2-Resumen'!$F$4, moras[[#This Row],[TIPO_ASEGURAMIENTO]]) -> ASALARIADO | J24: SECTOR PRIVADO | K24: SI | L24: SI | M24: NO | N24: 22 | O24: =IF(moras[[#This Row],[EDAD]]="", '2-Resumen'!$C$7, moras[[#This Row],[EDAD]]) -> 22 | P24: =FLOOR(moras[[#This Row],[EDAD_SIN_NA´S]],10) -> 20 | Q24: =STANDARDIZE(moras[[#This Row],[EDAD]],'2-Resumen'!$C$2, '2-Resumen'!$C$3) -> -1.4048968 | R24: =IF(ABS(moras[[#This Row],[Z-CORE E]]) > 1.96, "Sí", "No") -> No
A25: 29 | B25: HOMBRE | C25: 81535566 | D25: =IF(moras[[#This Row],[SALARIO]] <= '8-Morosidad en númericas'!$C$3, "BAJO", IF(moras[[#This Row],[SALARIO]] <= '8-Morosidad en númericas'!$C$4, "MEDIO-BAJO", IF(moras[[#This Row],[SALARIO]] <='8-Morosidad en númericas'!$C$5, "MEDIO-ALTO", "ALTO"))) -> ALTO | E25: =IF(moras[[#This Row],[SALARIO]]="",'2-Resumen'!$B$7, moras[[#This Row],[SALARIO]]) -> 81535566 | F25: =STANDARDIZE(moras[[#This Row],[SALARIO]],'2-Resumen'!$B$2,'2-Resumen'!$B$3) -> 0.98105722 | G25: =IF(ABS(moras[[#This Row],[Z-CORE]])> 1.96,"Sí", "No") -> No | H25: ASALARIADO | I25: =IF(moras[[#This Row],[TIPO_ASEGURAMIENTO]] = "", '2-Resumen'!$F$4, moras[[#This Row],[TIPO_ASEGURAMIENTO]]) -> ASALARIADO | J25: SECTOR PUBLICO | K25: SI | L25: NO | M25: NO | N25: 42 | O25: =IF(moras[[#This Row],[EDAD]]="", '2-Resumen'!$C$7, moras[[#This Row],[EDAD]]) -> 42 | P25: =FLOOR(moras[[#This Row],[EDAD_SIN_NA´S]],10) -> 40 | Q25: =STANDARDIZE(moras[[#This Row],[EDAD]],'2-Resumen'!$C$2, '2-Resumen'!$C$3) -> 0.0066098168 | R25: =IF(ABS(moras[[#This Row],[Z-CORE E]]) > 1.96, "Sí", "No") -> No
A26: 30 | B26: HOMBRE | C26: 398125 | D26: =IF(moras[[#This Row],[SALARIO]] <= '8-Morosidad en númericas'!$C$3, "BAJO", IF(moras[[#This Row],[SALARIO]] <= '8-Morosidad en númericas'!$C$4, "MEDIO-BAJO", IF(moras[[#This Row],[SALARIO]] <='8-Morosidad en númericas'!$C$5, "MEDIO-ALTO", "ALTO"))) -> MEDIO-BAJO | E26: =IF(moras[[#This Row],[SALARIO]]="",'2-Resumen'!$B$7, moras[[#This Row],[SALARIO]]) -> 398125 | F26: =STANDARDIZE(moras[[#This Row],[SALARIO]],'2-Resumen'!$B$2,'2-Resumen'!$B$3) -> -0.36899196 | G26: =IF(ABS(moras[[#This Row],[Z-CORE]])> 1.96,"Sí", "No") -> No | H26: ASALARIADO | I26: =IF(moras[[#This Row],[TIPO_ASEGURAMIENTO]] = "", '2-Resumen'!$F$4, moras[[#This Row],[TIPO_ASEGURAMIENTO]]) -> ASALARIADO | J26: SECTOR PRIVADO | K26: SI | L26: NO | M26: NO | N26: 38 | O26: =IF(moras[[#This Row],[EDAD]]="", '2-Resumen'!$C$7, moras[[#This Row],[EDAD]]) -> 38 | P26: =FLOOR(moras[[#This Row],[EDAD_SIN_NA´S]],10) -> 30 | Q26: =STANDARDIZE(moras[[#This Row],[EDAD]],'2-Resumen'!$C$2, '2-Resumen'!$C$3) -> -0.2756915 | R26: =IF(ABS(moras[[#This Row],[Z-CORE E]]) > 1.96, "Sí", "No") -> No
A27: 31 | B27: HOMBRE | C27: 60676396 | D27: =IF(moras[[#This Row],[SALARIO]] <= '8-Morosidad en númericas'!$C$3, "BAJO", IF(moras[[#This Row],[SALARIO]] <= '8-Morosidad en númericas'!$C$4, "MEDIO-BAJO", IF(moras[[#This Row],[SALARIO]] <='8-Morosidad en númericas'!$C$5, "MEDIO-ALTO", "ALTO"))) -> ALTO | E27: =IF(moras[[#This Row],[SALARIO]]="",'2-Resumen'!$B$7, moras[[#This Row],[SALARIO]]) -> 60676396 | F27: =STANDARDIZE(moras[[#This Row],[SALARIO]],'2-Resumen'!$B$2,'2-Resumen'!$B$3) -> 0.63398064 | G27: =IF(ABS(moras[[#This Row],[Z-CORE]])> 1.96,"Sí", "No") -> No | H27: ASALARIADO | I27: =IF(moras[[#This Row],[TIPO_ASEGURAMIENTO]] = "", '2-Resumen'!$F$4, moras[[#This Row],[TIPO_ASEGURAMIENTO]]) -> ASALARIADO | J27: SECTOR PRIVADO | K27: SI | L27: NO | M27: NO | N27: 39 | O27: =IF(moras[[#This Row],[EDAD]]="", '2-Resumen'!$C$7, moras[[#This Row],[EDAD]]) -> 39 | P27: =FLOOR(moras[[#This Row],[EDAD_SIN_NA´S]],10) -> 30 | Q27: =STANDARDIZE(moras[[#This Row],[EDAD]],'2-Resumen'!$C$2, '2-Resumen'!$C$3) -> -0.20511617 | R27: =IF(ABS(moras[[#This Row],[Z-CORE E]]) > 1.96, "Sí", "No") -> No
A28: 33 | B28: MUJER | C28: 297046 | D28: =IF(moras[[#This Row],[SALARIO]] <= '8-Morosidad en númericas'!$C$3, "BAJO", IF(moras[[#This Row],[SALARIO]] <= '8-Morosidad en númericas'!$C$4, "MEDIO-BAJO", IF(moras[[#This Row],[SALARIO]] <='8-Morosidad en númericas'!$C$5, "MEDIO-ALTO", "ALTO"))) -> BAJO | E28: =IF(moras[[#This Row],[SALARIO]]="",'2-Resumen'!$B$7, moras[[#This Row],[SALARIO]]) -> 297046 | F28: =STANDARDIZE(moras[[#This Row],[SALARIO]],'2-Resumen'!$B$2,'2-Resumen'!$B$3) -> -0.37067382 | G28: =IF(ABS(moras[[#This Row],[Z-CORE]])> 1.96,"Sí", "No") -> No | H28: ASALARIADO | I28: =IF(moras[[#This Row],[TIPO_ASEGURAMIENTO]] = "", '2-Resumen'!$F$4, moras[[#This Row],[TIPO_ASEGURAMIENTO]]) -> ASALARIADO | J28: SECTOR PRIVADO | K28: SI | L28: SI | M28: NO | N28: 41 | O28: =IF(moras[[#This Row],[EDAD]]="", '2-Resumen'!$C$7, moras[[#This Row],[EDAD]]) -> 41 | P28: =FLOOR(moras[[#This Row],[EDAD_SIN_NA´S]],10) -> 40 | Q28: =STANDARDIZE(moras[[#This Row],[EDAD]],'2-Resumen'!$C$2, '2-Resumen'!$C$3) -> -0.063965513 | R28: =IF(ABS(moras[[#This Row],[Z-CORE E]]) > 1.96, "Sí", "No") -> No
A29: 34 | B29: HOMBRE | C29: 558030 | D29: =IF(moras[[#This Row],[SALARIO]] <= '8-Morosidad en númericas'!$C$3, "BAJO", IF(moras[[#This Row],[SALARIO]] <= '8-Morosidad en númericas'!$C$4, "MEDIO-BAJO", IF(moras[[#This Row],[SALARIO]] <='8-Morosidad en númericas'!$C$5, "MEDIO-ALTO", "ALTO"))) -> MEDIO-BAJO | E29: =IF(moras[[#This Row],[SALARIO]]="",'2-Resumen'!$B$7, moras[[#This Row],[SALARIO]]) -> 558030 | F29: =STANDARDIZE(moras[[#This Row],[SALARIO]],'2-Resumen'!$B$2,'2-Resumen'!$B$3) -> -0.3663313 | G29: =IF(ABS(moras[[#This Row],[Z-CORE]])> 1.96,"Sí", "No") -> No | H29: ASALARIADO | I29: =IF(moras[[#This Row],[TIPO_ASEGURAMIENTO]] = "", '2-Resumen'!$F$4, moras[[#This Row],[TIPO_ASEGURAMIENTO]]) -> ASALARIADO | J29: SECTOR PRIVADO | K29: SI | L29: NO | M29: NO | N29: 28 | O29: =IF(moras[[#This Row],[EDAD]]="", '2-Resumen'!$C$7, moras[[#This Row],[EDAD]]) -> 28 | P29: =FLOOR(moras[[#This Row],[EDAD_SIN_NA´S]],10) -> 20 | Q29: =STANDARDIZE(moras[[#This Row],[EDAD]],'2-Resumen'!$C$2, '2-Resumen'!$C$3) -> -0.9814448 | R29: =IF(ABS(moras[[#This Row],[Z-CORE E]]) > 1.96, "Sí", "No") -> No
A30: 35 | B30: HOMBRE | C30: 6830903 | D30: =IF(moras[[#This Row],[SALARIO]] <= '8-Morosidad en númericas'!$C$3, "BAJO", IF(moras[[#This Row],[SALARIO]] <= '8-Morosidad en númericas'!$C$4, "MEDIO-BAJO", IF(moras[[#This Row],[SALARIO]] <='8-Morosidad en númericas'!$C$5, "MEDIO-ALTO", "ALTO"))) -> MEDIO-ALTO | E30: =IF(moras[[#This Row],[SALARIO]]="",'2-Resumen'!$B$7, moras[[#This Row],[SALARIO]]) -> 6830903 | F30: =STANDARDIZE(moras[[#This Row],[SALARIO]],'2-Resumen'!$B$2,'2-Resumen'!$B$3) -> -0.26195671 | G30: =IF(ABS(moras[[#This Row],[Z-CORE]])> 1.96,"Sí", "No") -> No | H30: ASALARIADO | I30: =IF(moras[[#This Row],[TIPO_ASEGURAMIENTO]] = "", '2-Resumen'!$F$4, moras[[#This Row],[TIPO_ASEGURAMIENTO]]) -> ASALARIADO | J30: SECTOR PRIVADO | K30: SI | L30: NO | M30: NO | N30: 43 | O30: =IF(moras[[#This Row],[EDAD]]="", '2-Resumen'!$C$7, moras[[#This Row],[EDAD]]) -> 43 | P30: =FLOOR(moras[[#This Row],[EDAD_SIN_NA´S]],10) -> 40 | Q30: =STANDARDIZE(moras[[#This Row],[EDAD]],'2-Resumen'!$C$2, '2-Resumen'!$C$3) -> 0.077185147 | R30: =IF(ABS(moras[[#This Row],[Z-CORE E]]) > 1.96, "Sí", "No") -> No
A31: 36 | B31: HOMBRE | D31: =IF(moras[[#This Row],[SALARIO]] <= '8-Morosidad en númericas'!$C$3, "BAJO", IF(moras[[#This Row],[SALARIO]] <= '8-Morosidad en númericas'!$C$4, "MEDIO-BAJO", IF(moras[[#This Row],[SALARIO]] <='8-Morosidad en númericas'!$C$5, "MEDIO-ALTO", "ALTO"))) -> BAJO | E31: =IF(moras[[#This Row],[SALARIO]]="",'2-Resumen'!$B$7, moras[[#This Row],[SALARIO]]) -> 639148 | F31: =STANDARDIZE(moras[[#This Row],[SALARIO]],'2-Resumen'!$B$2,'2-Resumen'!$B$3) -> -0.37561638 | G31: =IF(ABS(moras[[#This Row],[Z-CORE]])> 1.96,"Sí", "No") -> No | H31: ASALARIADO | I31: =IF(moras[[#This Row],[TIPO_ASEGURAMIENTO]] = "", '2-Resumen'!$F$4, moras[[#This Row],[TIPO_ASEGURAMIENTO]]) -> ASALARIADO | J31: SECTOR PUBLICO | K31: SI | L31: NO | M31: NO | N31: 62 | O31: =IF(moras[[#This Row],[EDAD]]="", '2-Resumen'!$C$7, moras[[#This Row],[EDAD]]) -> 62 | P31: =FLOOR(moras[[#This Row],[EDAD_SIN_NA´S]],10) -> 60 | Q31: =STANDARDIZE(moras[[#This Row],[EDAD]],'2-Resumen'!$C$2, '2-Resumen'!$C$3) -> 1.4181164 | R31: =IF(ABS(moras[[#This Row],[Z-CORE E]]) > 1.96, "Sí", "No") -> No
A32: 37 | B32: HOMBRE | C32: 15523075 | D32: =IF(moras[[#This Row],[SALARIO]] <= '8-Morosidad en númericas'!$C$3, "BAJO", IF(moras[[#This Row],[SALARIO]] <= '8-Morosidad en númericas'!$C$4, "MEDIO-BAJO", IF(moras[[#This Row],[SALARIO]] <='8-Morosidad en númericas'!$C$5, "MEDIO-ALTO", "ALTO"))) -> MEDIO-ALTO | E32: =IF(moras[[#This Row],[SALARIO]]="",'2-Resumen'!$B$7, moras[[#This Row],[SALARIO]]) -> 15523075 | F32: =STANDARDIZE(moras[[#This Row],[SALARIO]],'2-Resumen'!$B$2,'2-Resumen'!$B$3) -> -0.1173273 | G32: =IF(ABS(moras[[#This Row],[Z-CORE]])> 1.96,"Sí", "No") -> No | H32: ASALARIADO | I32: =IF(moras[[#This Row],[TIPO_ASEGURAMIENTO]] = "", '2-Resumen'!$F$4, moras[[#This Row],[TIPO_ASEGURAMIENTO]]) -> ASALARIADO | J32: SECTOR PRIVADO | K32: SI | L32: SI | M32: NO | N32: 41 | O32: =IF(moras[[#This Row],[EDAD]]="", '2-Resumen'!$C$7, moras[[#This Row],[EDAD]]) -> 41 | P32: =FLOOR(moras[[#This Row],[EDAD_SIN_NA´S]],10) -> 40 | Q32: =STANDARDIZE(moras[[#This Row],[EDAD]],'2-Resumen'!$C$2, '2-Resumen'!$C$3) -> -0.063965513 | R32: =IF(ABS(moras[[#This Row],[Z-CORE E]]) > 1.96, "Sí", "No") -> No
A33: 39 | B33: HOMBRE | C33: 322056909 | D33: =IF(moras[[#This Row],[SALARIO]] <= '8-Morosidad en númericas'!$C$3, "BAJO", IF(moras[[#This Row],[SALARIO]] <= '8-Morosidad en númericas'!$C$4, "MEDIO-BAJO", IF(moras[[#This Row],[SALARIO]] <='8-Morosidad en númericas'!$C$5, "MEDIO-ALTO", "ALTO"))) -> ALTO | E33: =IF(moras[[#This Row],[SALARIO]]="",'2-Resumen'!$B$7, moras[[#This Row],[SALARIO]]) -> 322056909 | F33: =STANDARDIZE(moras[[#This Row],[SALARIO]],'2-Resumen'!$B$2,'2-Resumen'!$B$3) -> 4.9831017 | G33: =IF(ABS(moras[[#This Row],[Z-CORE]])> 1.96,"Sí", "No") -> Sí | H33: ASALARIADO | I33: =IF(moras[[#This Row],[TIPO_ASEGURAMIENTO]] = "", '2-Resumen'!$F$4, moras[[#This Row],[TIPO_ASEGURAMIENTO]]) -> ASALARIADO | J33: SECTOR PRIVADO | K33: SI | L33: NO | M33: NO | N33: 48 | O33: =IF(moras[[#This Row],[EDAD]]="", '2-Resumen'!$C$7, moras[[#This Row],[EDAD]]) -> 48 | P33: =FLOOR(moras[[#This Row],[EDAD_SIN_NA´S]],10) -> 40 | Q33: =STANDARDIZE(moras[[#This Row],[EDAD]],'2-Resumen'!$C$2, '2-Resumen'!$C$3) -> 0.4300618 | R33: =IF(ABS(moras[[#This Row],[Z-CORE E]]) > 1.96, "Sí", "No") -> No
A34: 40 | B34: HOMBRE | C34: 658917 | D34: =IF(moras[[#This Row],[SALARIO]] <= '8-Morosidad en númericas'!$C$3, "BAJO", IF(moras[[#This Row],[SALARIO]] <= '8-Morosidad en númericas'!$C$4, "MEDIO-BAJO", IF(moras[[#This Row],[SALARIO]] <='8-Morosidad en númericas'!$C$5, "MEDIO-ALTO", "ALTO"))) -> MEDIO-ALTO | E34: =IF(moras[[#This Row],[SALARIO]]="",'2-Resumen'!$B$7, moras[[#This Row],[SALARIO]]) -> 658917 | F34: =STANDARDIZE(moras[[#This Row],[SALARIO]],'2-Resumen'!$B$2,'2-Resumen'!$B$3) -> -0.36465264 | G34: =IF(ABS(moras[[#This Row],[Z-CORE]])> 1.96,"Sí", "No") -> No | H34: ASALARIADO | I34: =IF(moras[[#This Row],[TIPO_ASEGURAMIENTO]] = "", '2-Resumen'!$F$4, moras[[#This Row],[TIPO_ASEGURAMIENTO]]) -> ASALARIADO | J34: SECTOR PUBLICO | K34: SI | L34: NO | M34: SI | N34: 56 | O34: =IF(moras[[#This Row],[EDAD]]="", '2-Resumen'!$C$7, moras[[#This Row],[EDAD]]) -> 56 | P34: =FLOOR(moras[[#This Row],[EDAD_SIN_NA´S]],10) -> 50 | Q34: =STANDARDIZE(moras[[#This Row],[EDAD]],'2-Resumen'!$C$2, '2-Resumen'!$C$3) -> 0.99466444 | R34: =IF(ABS(moras[[#This Row],[Z-CORE E]]) > 1.96, "Sí", "No") -> No
A35: 41 | B35: HOMBRE | C35: 6317076 | D35: =IF(moras[[#This Row],[SALARIO]] <= '8-Morosidad en númericas'!$C$3, "BAJO", IF(moras[[#This Row],[SALARIO]] <= '8-Morosidad en númericas'!$C$4, "MEDIO-BAJO", IF(moras[[#This Row],[SALARIO]] <='8-Morosidad en númericas'!$C$5, "MEDIO-ALTO", "ALTO"))) -> MEDIO-ALTO | E35: =IF(moras[[#This Row],[SALARIO]]="",'2-Resumen'!$B$7, moras[[#This Row],[SALARIO]]) -> 6317076 | F35: =STANDARDIZE(moras[[#This Row],[SALARIO]],'2-Resumen'!$B$2,'2-Resumen'!$B$3) -> -0.2705063 | G35: =IF(ABS(moras[[#This Row],[Z-CORE]])> 1.96,"Sí", "No") -> No | H35: ASALARIADO | I35: =IF(moras[[#This Row],[TIPO_ASEGURAMIENTO]] = "", '2-Resumen'!$F$4, moras[[#This Row],[TIPO_ASEGURAMIENTO]]) -> ASALARIADO | J35: SECTOR PRIVADO | K35: SI | L35: NO | M35: NO | N35: 25 | O35: =IF(moras[[#This Row],[EDAD]]="", '2-Resumen'!$C$7, moras[[#This Row],[EDAD]]) -> 25 | P35: =FLOOR(moras[[#This Row],[EDAD_SIN_NA´S]],10) -> 20 | Q35: =STANDARDIZE(moras[[#This Row],[EDAD]],'2-Resumen'!$C$2, '2-Resumen'!$C$3) -> -1.1931708 | R35: =IF(ABS(moras[[#This Row],[Z-CORE E]]) > 1.96, "Sí", "No") -> No
A36: 42 | B36: MUJER | C36: 977376 | D36: =IF(moras[[#This Row],[SALARIO]] <= '8-Morosidad en númericas'!$C$3, "BAJO", IF(moras[[#This Row],[SALARIO]] <= '8-Morosidad en númericas'!$C$4, "MEDIO-BAJO", IF(moras[[#This Row],[SALARIO]] <='8-Morosidad en númericas'!$C$5, "MEDIO-ALTO", "ALTO"))) -> MEDIO-ALTO | E36: =IF(moras[[#This Row],[SALARIO]]="",'2-Resumen'!$B$7, moras[[#This Row],[SALARIO]]) -> 977376 | F36: =STANDARDIZE(moras[[#This Row],[SALARIO]],'2-Resumen'!$B$2,'2-Resumen'!$B$3) -> -0.35935378 | G36: =IF(ABS(moras[[#This Row],[Z-CORE]])> 1.96,"Sí", "No") -> No | H36: ASALARIADO | I36: =IF(moras[[#This Row],[TIPO_ASEGURAMIENTO]] = "", '2-Resumen'!$F$4, moras[[#This Row],[TIPO_ASEGURAMIENTO]]) -> ASALARIADO | J36: SECTOR PRIVADO | K36: SI | L36: NO | M36: NO | N36: 33 | O36: =IF(moras[[#This Row],[EDAD]]="", '2-Resumen'!$C$7, moras[[#This Row],[EDAD]]) -> 33 | P36: =FLOOR(moras[[#This Row],[EDAD_SIN_NA´S]],10) -> 30 | Q36: =STANDARDIZE(moras[[#This Row],[EDAD]],'2-Resumen'!$C$2, '2-Resumen'!$C$3) -> -0.62856815 | R36: =IF(ABS(moras[[#This Row],[Z-CORE E]]) > 1.96, "Sí", "No") -> No
A37: 44 | B37: HOMBRE | C37: 633750 | D37: =IF(moras[[#This Row],[SALARIO]] <= '8-Morosidad en númericas'!$C$3, "BAJO", IF(moras[[#This Row],[SALARIO]] <= '8-Morosidad en númericas'!$C$4, "MEDIO-BAJO", IF(moras[[#This Row],[SALARIO]] <='8-Morosidad en númericas'!$C$5, "MEDIO-ALTO", "ALTO"))) -> MEDIO-BAJO | E37: =IF(moras[[#This Row],[SALARIO]]="",'2-Resumen'!$B$7, moras[[#This Row],[SALARIO]]) -> 633750 | F37: =STANDARDIZE(moras[[#This Row],[SALARIO]],'2-Resumen'!$B$2,'2-Resumen'!$B$3) -> -0.36507139 | G37: =IF(ABS(moras[[#This Row],[Z-CORE]])> 1.96,"Sí", "No") -> No | H37: ASALARIADO | I37: =IF(moras[[#This Row],[TIPO_ASEGURAMIENTO]] = "", '2-Resumen'!$F$4, moras[[#This Row],[TIPO_ASEGURAMIENTO]]) -> ASALARIADO | J37: SECTOR PRIVADO | K37: SI | L37: NO | M37: NO | N37: 43 | O37: =IF(moras[[#This Row],[EDAD]]="", '2-Resumen'!$C$7, moras[[#This Row],[EDAD]]) -> 43 | P37: =FLOOR(moras[[#This Row],[EDAD_SIN_NA´S]],10) -> 40 | Q37: =STANDARDIZE(moras[[#This Row],[EDAD]],'2-Resumen'!$C$2, '2-Resumen'!$C$3) -> 0.077185147 | R37: =IF(ABS(moras[[#This Row],[Z-CORE E]]) > 1.96, "Sí", "No") -> No
A38: 45 | B38: MUJER | C38: 376776 | D38: =IF(moras[[#This Row],[SALARIO]] <= '8-Morosidad en númericas'!$C$3, "BAJO", IF(moras[[#This Row],[SALARIO]] <= '8-Morosidad en númericas'!$C$4, "MEDIO-BAJO", IF(moras[[#This Row],[SALARIO]] <='8-Morosidad en númericas'!$C$5, "MEDIO-ALTO", "ALTO"))) -> MEDIO-BAJO | E38: =IF(moras[[#This Row],[SALARIO]]="",'2-Resumen'!$B$7, moras[[#This Row],[SALARIO]]) -> 376776 | F38: =STANDARDIZE(moras[[#This Row],[SALARIO]],'2-Resumen'!$B$2,'2-Resumen'!$B$3) -> -0.36934719 | G38: =IF(ABS(moras[[#This Row],[Z-CORE]])> 1.96,"Sí", "No") -> No | H38: ASALARIADO | I38: =IF(moras[[#This Row],[TIPO_ASEGURAMIENTO]] = "", '2-Resumen'!$F$4, moras[[#This Row],[TIPO_ASEGURAMIENTO]]) -> ASALARIADO | J38: SECTOR PRIVADO | K38: SI | L38: NO | M38: NO | N38: 27 | O38: =IF(moras[[#This Row],[EDAD]]="", '2-Resumen'!$C$7, moras[[#This Row],[EDAD]]) -> 27 | P38: =FLOOR(moras[[#This Row],[EDAD_SIN_NA´S]],10) -> 20 | Q38: =STANDARDIZE(moras[[#This Row],[EDAD]],'2-Resumen'!$C$2, '2-Resumen'!$C$3) -> -1.0520201 | R38: =IF(ABS(moras[[#This Row],[Z-CORE E]]) > 1.96, "Sí", "No") -> No
A39: 46 | B39: MUJER | C39: 187838622 | D39: =IF(moras[[#This Row],[SALARIO]] <= '8-Morosidad en númericas'!$C$3, "BAJO", IF(moras[[#This Row],[SALARIO]] <= '8-Morosidad en númericas'!$C$4, "MEDIO-BAJO", IF(moras[[#This Row],[SALARIO]] <='8-Morosidad en númericas'!$C$5, "MEDIO-ALTO", "ALTO"))) -> ALTO | E39: =IF(moras[[#This Row],[SALARIO]]="",'2-Resumen'!$B$7, moras[[#This Row],[SALARIO]]) -> 187838622 | F39: =STANDARDIZE(moras[[#This Row],[SALARIO]],'2-Resumen'!$B$2,'2-Resumen'!$B$3) -> 2.7498381 | G39: =IF(ABS(moras[[#This Row],[Z-CORE]])> 1.96,"Sí", "No") -> Sí | H39: ASALARIADO | I39: =IF(moras[[#This Row],[TIPO_ASEGURAMIENTO]] = "", '2-Resumen'!$F$4, moras[[#This Row],[TIPO_ASEGURAMIENTO]]) -> ASALARIADO | J39: SECTOR PRIVADO | K39: SI | L39: NO | M39: NO | N39: 28 | O39: =IF(moras[[#This Row],[EDAD]]="", '2-Resumen'!$C$7, moras[[#This Row],[EDAD]]) -> 28 | P39: =FLOOR(moras[[#This Row],[EDAD_SIN_NA´S]],10) -> 20 | Q39: =STANDARDIZE(moras[[#This Row],[EDAD]],'2-Resumen'!$C$2, '2-Resumen'!$C$3) -> -0.9814448 | R39: =IF(ABS(moras[[#This Row],[Z-CORE E]]) > 1.96, "Sí", "No") -> No
A40: 47 | B40: MUJER | C40: 2224883 | D40: =IF(moras[[#This Row],[SALARIO]] <= '8-Morosidad en númericas'!$C$3, "BAJO", IF(moras[[#This Row],[SALARIO]] <= '8-Morosidad en númericas'!$C$4, "MEDIO-BAJO", IF(moras[[#This Row],[SALARIO]] <='8-Morosidad en númericas'!$C$5, "MEDIO-ALTO", "ALTO"))) -> MEDIO-ALTO | E40: =IF(moras[[#This Row],[SALARIO]]="",'2-Resumen'!$B$7, moras[[#This Row],[SALARIO]]) -> 2224883 | F40: =STANDARDIZE(moras[[#This Row],[SALARIO]],'2-Resumen'!$B$2,'2-Resumen'!$B$3) -> -0.33859646 | G40: =IF(ABS(moras[[#This Row],[Z-CORE]])> 1.96,"Sí", "No") -> No | H40: ASALARIADO | I40: =IF(moras[[#This Row],[TIPO_ASEGURAMIENTO]] = "", '2-Resumen'!$F$4, moras[[#This Row],[TIPO_ASEGURAMIENTO]]) -> ASALARIADO | J40: SECTOR PRIVADO | K40: SI | L40: NO | M40: NO | N40: 49 | O40: =IF(moras[[#This Row],[EDAD]]="", '2-Resumen'!$C$7, moras[[#This Row],[EDAD]]) -> 49 | P40: =FLOOR(moras[[#This Row],[EDAD_SIN_NA´S]],10) -> 40 | Q40: =STANDARDIZE(moras[[#This Row],[EDAD]],'2-Resumen'!$C$2, '2-Resumen'!$C$3) -> 0.50063713 | R40: =IF(ABS(moras[[#This Row],[Z-CORE E]]) > 1.96, "Sí", "No") -> No
A41: 48 | B41: MUJER | C41: 349000 | D41: =IF(moras[[#This Row],[SALARIO]] <= '8-Morosidad en númericas'!$C$3, "BAJO", IF(moras[[#This Row],[SALARIO]] <= '8-Morosidad en númericas'!$C$4, "MEDIO-BAJO", IF(moras[[#This Row],[SALARIO]] <='8-Morosidad en númericas'!$C$5, "MEDIO-ALTO", "ALTO"))) -> MEDIO-BAJO | E41: =IF(moras[[#This Row],[SALARIO]]="",'2-Resumen'!$B$7, moras[[#This Row],[SALARIO]]) -> 349000 | F41: =STANDARDIZE(moras[[#This Row],[SALARIO]],'2-Resumen'!$B$2,'2-Resumen'!$B$3) -> -0.36980936 | G41: =IF(ABS(moras[[#This Row],[Z-CORE]])> 1.96,"Sí", "No") -> No | H41: ASALARIADO | I41: =IF(moras[[#This Row],[TIPO_ASEGURAMIENTO]] = "", '2-Resumen'!$F$4, moras[[#This Row],[TIPO_ASEGURAMIENTO]]) -> ASALARIADO | J41: SECTOR PRIVADO | K41: SI | L41: NO | M41: NO | N41: 36 | O41: =IF(moras[[#This Row],[EDAD]]="", '2-Resumen'!$C$7, moras[[#This Row],[EDAD]]) -> 36 | P41: =FLOOR(moras[[#This Row],[EDAD_SIN_NA´S]],10) -> 30 | Q41: =STANDARDIZE(moras[[#This Row],[EDAD]],'2-Resumen'!$C$2, '2-Resumen'!$C$3) -> -0.41684216 | R41: =IF(ABS(moras[[#This Row],[Z-CORE E]]) > 1.96, "Sí", "No") -> No
A42: 49 | B42: HOMBRE | C42: 67506969 | D42: =IF(moras[[#This Row],[SALARIO]] <= '8-Morosidad en númericas'!$C$3, "BAJO", IF(moras[[#This Row],[SALARIO]] <= '8-Morosidad en númericas'!$C$4, "MEDIO-BAJO", IF(moras[[#This Row],[SALARIO]] <='8-Morosidad en númericas'!$C$5, "MEDIO-ALTO", "ALTO"))) -> ALTO | E42: =IF(moras[[#This Row],[SALARIO]]="",'2-Resumen'!$B$7, moras[[#This Row],[SALARIO]]) -> 67506969 | F42: =STANDARDIZE(moras[[#This Row],[SALARIO]],'2-Resumen'!$B$2,'2-Resumen'!$B$3) -> 0.74763483 | G42: =IF(ABS(moras[[#This Row],[Z-CORE]])> 1.96,"Sí", "No") -> No | H42: ASALARIADO | I42: =IF(moras[[#This Row],[TIPO_ASEGURAMIENTO]] = "", '2-Resumen'!$F$4, moras[[#This Row],[TIPO_ASEGURAMIENTO]]) -> ASALARIADO | J42: SECTOR PRIVADO | K42: SI | L42: NO | M42: NO | N42: 39 | O42: =IF(moras[[#This Row],[EDAD]]="", '2-Resumen'!$C$7, moras[[#This Row],[EDAD]]) -> 39 | P42: =FLOOR(moras[[#This Row],[EDAD_SIN_NA´S]],10) -> 30 | Q42: =STANDARDIZE(moras[[#This Row],[EDAD]],'2-Resumen'!$C$2, '2-Resumen'!$C$3) -> -0.20511617 | R42: =IF(ABS(moras[[#This Row],[Z-CORE E]]) > 1.96, "Sí", "No") -> No
A43: 50 | B43: HOMBRE | C43: 443282 | D43: =IF(moras[[#This Row],[SALARIO]] <= '8-Morosidad en númericas'!$C$3, "BAJO", IF(moras[[#This Row],[SALARIO]] <= '8-Morosidad en númericas'!$C$4, "MEDIO-BAJO", IF(moras[[#This Row],[SALARIO]] <='8-Morosidad en númericas'!$C$5, "MEDIO-ALTO", "ALTO"))) -> MEDIO-BAJO | E43: =IF(moras[[#This Row],[SALARIO]]="",'2-Resumen'!$B$7, moras[[#This Row],[SALARIO]]) -> 443282 | F43: =STANDARDIZE(moras[[#This Row],[SALARIO]],'2-Resumen'!$B$2,'2-Resumen'!$B$3) -> -0.3682406 | G43: =IF(ABS(moras[[#This Row],[Z-CORE]])> 1.96,"Sí", "No") -> No | H43: ASALARIADO | I43: =IF(moras[[#This Row],[TIPO_ASEGURAMIENTO]] = "", '2-Resumen'!$F$4, moras[[#This Row],[TIPO_ASEGURAMIENTO]]) -> ASALARIADO | J43: SECTOR PRIVADO | K43: SI | L43: SI | M43: NO | O43: =IF(moras[[#This Row],[EDAD]]="", '2-Resumen'!$C$7, moras[[#This Row],[EDAD]]) -> 40 | P43: =FLOOR(moras[[#This Row],[EDAD_SIN_NA´S]],10) -> 40 | Q43: =STANDARDIZE(moras[[#This Row],[EDAD]],'2-Resumen'!$C$2, '2-Resumen'!$C$3) -> -2.957554 | R43: =IF(ABS(moras[[#This Row],[Z-CORE E]]) > 1.96, "Sí", "No") -> Sí
A44: 52 | B44: HOMBRE | C44: 150545892 | D44: =IF(moras[[#This Row],[SALARIO]] <= '8-Morosidad en númericas'!$C$3, "BAJO", IF(moras[[#This Row],[SALARIO]] <= '8-Morosidad en númericas'!$C$4, "MEDIO-BAJO", IF(moras[[#This Row],[SALARIO]] <='8-Morosidad en númericas'!$C$5, "MEDIO-ALTO", "ALTO"))) -> ALTO | E44: =IF(moras[[#This Row],[SALARIO]]="",'2-Resumen'!$B$7, moras[[#This Row],[SALARIO]]) -> 150545892 | F44: =STANDARDIZE(moras[[#This Row],[SALARIO]],'2-Resumen'!$B$2,'2-Resumen'!$B$3) -> 2.1293229 | G44: =IF(ABS(moras[[#This Row],[Z-CORE]])> 1.96,"Sí", "No") -> Sí | H44: ASALARIADO | I44: =IF(moras[[#This Row],[TIPO_ASEGURAMIENTO]] = "", '2-Resumen'!$F$4, moras[[#This Row],[TIPO_ASEGURAMIENTO]]) -> ASALARIADO | J44: SECTOR PUBLICO | K44: SI | L44: NO | M44: NO | O44: =IF(moras[[#This Row],[EDAD]]="", '2-Resumen'!$C$7, moras[[#This Row],[EDAD]]) -> 40 | P44: =FLOOR(moras[[#This Row],[EDAD_SIN_NA´S]],10) -> 40 | Q44: =STANDARDIZE(moras[[#This Row],[EDAD]],'2-Resumen'!$C$2, '2-Resumen'!$C$3) -> -2.957554 | R44: =IF(ABS(moras[[#This Row],[Z-CORE E]]) > 1.96, "Sí", "No") -> Sí
A45: 53 | B45: MUJER | C45: 743436 | D45: =IF(moras[[#This Row],[SALARIO]] <= '8-Morosidad en númericas'!$C$3, "BAJO", IF(moras[[#This Row],[SALARIO]] <= '8-Morosidad en númericas'!$C$4, "MEDIO-BAJO", IF(moras[[#This Row],[SALARIO]] <='8-Morosidad en númericas'!$C$5, "MEDIO-ALTO", "ALTO"))) -> MEDIO-ALTO | E45: =IF(moras[[#This Row],[SALARIO]]="",'2-Resumen'!$B$7, moras[[#This Row],[SALARIO]]) -> 743436 | F45: =STANDARDIZE(moras[[#This Row],[SALARIO]],'2-Resumen'!$B$2,'2-Resumen'!$B$3) -> -0.36324632 | G45: =IF(ABS(moras[[#This Row],[Z-CORE]])> 1.96,"Sí", "No") -> No | H45: ASALARIADO | I45: =IF(moras[[#This Row],[TIPO_ASEGURAMIENTO]] = "", '2-Resumen'!$F$4, moras[[#This Row],[TIPO_ASEGURAMIENTO]]) -> ASALARIADO | J45: SECTOR PRIVADO | K45: SI | L45: NO | M45: NO | N45: 28 | O45: =IF(moras[[#This Row],[EDAD]]="", '2-Resumen'!$C$7, moras[[#This Row],[EDAD]]) -> 28 | P45: =FLOOR(moras[[#This Row],[EDAD_SIN_NA´S]],10) -> 20 | Q45: =STANDARDIZE(moras[[#This Row],[EDAD]],'2-Resumen'!$C$2, '2-Resumen'!$C$3) -> -0.9814448 | R45: =IF(ABS(moras[[#This Row],[Z-CORE E]]) > 1.96, "Sí", "No") -> No
A46: 56 | B46: MUJER | C46: 15978722 | D46: =IF(moras[[#This Row],[SALARIO]] <= '8-Morosidad en númericas'!$C$3, "BAJO", IF(moras[[#This Row],[SALARIO]] <= '8-Morosidad en númericas'!$C$4, "MEDIO-BAJO", IF(moras[[#This Row],[SALARIO]] <='8-Morosidad en númericas'!$C$5, "MEDIO-ALTO", "ALTO"))) -> MEDIO-ALTO | E46: =IF(moras[[#This Row],[SALARIO]]="",'2-Resumen'!$B$7, moras[[#This Row],[SALARIO]]) -> 15978722 | F46: =STANDARDIZE(moras[[#This Row],[SALARIO]],'2-Resumen'!$B$2,'2-Resumen'!$B$3) -> -0.10974578 | G46: =IF(ABS(moras[[#This Row],[Z-CORE]])> 1.96,"Sí", "No") -> No | H46: ASALARIADO | I46: =IF(moras[[#This Row],[TIPO_ASEGURAMIENTO]] = "", '2-Resumen'!$F$4, moras[[#This Row],[TIPO_ASEGURAMIENTO]]) -> ASALARIADO | J46: SECTOR PRIVADO | K46: SI | L46: SI | M46: NO | N46: 44 | O46: =IF(moras[[#This Row],[EDAD]]="", '2-Resumen'!$C$7, moras[[#This Row],[EDAD]]) -> 44 | P46: =FLOOR(moras[[#This Row],[EDAD_SIN_NA´S]],10) -> 40 | Q46: =STANDARDIZE(moras[[#This Row],[EDAD]],'2-Resumen'!$C$2, '2-Resumen'!$C$3) -> 0.14776048 | R46: =IF(ABS(moras[[#This Row],[Z-CORE E]]) > 1.96, "Sí", "No") -> No
A47: 57 | B47: MUJER | C47: 26774104 | D47: =IF(moras[[#This Row],[SALARIO]] <= '8-Morosidad en númericas'!$C$3, "BAJO", IF(moras[[#This Row],[SALARIO]] <= '8-Morosidad en númericas'!$C$4, "MEDIO-BAJO", IF(moras[[#This Row],[SALARIO]] <='8-Morosidad en númericas'!$C$5, "MEDIO-ALTO", "ALTO"))) -> ALTO | E47: =IF(moras[[#This Row],[SALARIO]]="",'2-Resumen'!$B$7, moras[[#This Row],[SALARIO]]) -> 26774104 | F47: =STANDARDIZE(moras[[#This Row],[SALARIO]],'2-Resumen'!$B$2,'2-Resumen'!$B$3) -> 0.069879025 | G47: =IF(ABS(moras[[#This Row],[Z-CORE]])> 1.96,"Sí", "No") -> No | H47: ASALARIADO | I47: =IF(moras[[#This Row],[TIPO_ASEGURAMIENTO]] = "", '2-Resumen'!$F$4, moras[[#This Row],[TIPO_ASEGURAMIENTO]]) -> ASALARIADO | J47: SECTOR PRIVADO | K47: SI | L47: NO | M47: NO | N47: 32 | O47: =IF(moras[[#This Row],[EDAD]]="", '2-Resumen'!$C$7, moras[[#This Row],[EDAD]]) -> 32 | P47: =FLOOR(moras[[#This Row],[EDAD_SIN_NA´S]],10) -> 30 | Q47: =STANDARDIZE(moras[[#This Row],[EDAD]],'2-Resumen'!$C$2, '2-Resumen'!$C$3) -> -0.69914348 | R47: =IF(ABS(moras[[#This Row],[Z-CORE E]]) > 1.96, "Sí", "No") -> No
A48: 58 | B48: MUJER | C48: 376777 | D48: =IF(moras[[#This Row],[SALARIO]] <= '8-Morosidad en númericas'!$C$3, "BAJO", IF(moras[[#This Row],[SALARIO]] <= '8-Morosidad en númericas'!$C$4, "MEDIO-BAJO", IF(moras[[#This Row],[SALARIO]] <='8-Morosidad en númericas'!$C$5, "MEDIO-ALTO", "ALTO"))) -> MEDIO-BAJO | E48: =IF(moras[[#This Row],[SALARIO]]="",'2-Resumen'!$B$7, moras[[#This Row],[SALARIO]]) -> 376777 | F48: =STANDARDIZE(moras[[#This Row],[SALARIO]],'2-Resumen'!$B$2,'2-Resumen'!$B$3) -> -0.36934717 | G48: =IF(ABS(moras[[#This Row],[Z-CORE]])> 1.96,"Sí", "No") -> No | H48: ASALARIADO | I48: =IF(moras[[#This Row],[TIPO_ASEGURAMIENTO]] = "", '2-Resumen'!$F$4, moras[[#This Row],[TIPO_ASEGURAMIENTO]]) -> ASALARIADO | J48: SECTOR PRIVADO | K48: SI | L48: NO | M48: NO | N48: 43 | O48: =IF(moras[[#This Row],[EDAD]]="", '2-Resumen'!$C$7, moras[[#This Row],[EDAD]]) -> 43 | P48: =FLOOR(moras[[#This Row],[EDAD_SIN_NA´S]],10) -> 40 | Q48: =STANDARDIZE(moras[[#This Row],[EDAD]],'2-Resumen'!$C$2, '2-Resumen'!$C$3) -> 0.077185147 | R48: =IF(ABS(moras[[#This Row],[Z-CORE E]]) > 1.96, "Sí", "No") -> No
A49: 61 | B49: HOMBRE | C49: 159401266 | D49: =IF(moras[[#This Row],[SALARIO]] <= '8-Morosidad en númericas'!$C$3, "BAJO", IF(moras[[#This Row],[SALARIO]] <= '8-Morosidad en númericas'!$C$4, "MEDIO-BAJO", IF(moras[[#This Row],[SALARIO]] <='8-Morosidad en númericas'!$C$5, "MEDIO-ALTO", "ALTO"))) -> ALTO | E49: =IF(moras[[#This Row],[SALARIO]]="",'2-Resumen'!$B$7, moras[[#This Row],[SALARIO]]) -> 159401266 | F49: =STANDARDIZE(moras[[#This Row],[SALARIO]],'2-Resumen'!$B$2,'2-Resumen'!$B$3) -> 2.2766678 | G49: =IF(ABS(moras[[#This Row],[Z-CORE]])> 1.96,"Sí", "No") -> Sí | H49: ASALARIADO | I49: =IF(moras[[#This Row],[TIPO_ASEGURAMIENTO]] = "", '2-Resumen'!$F$4, moras[[#This Row],[TIPO_ASEGURAMIENTO]]) -> ASALARIADO | J49: SECTOR PRIVADO | K49: SI | L49: NO | M49: NO | N49: 32 | O49: =IF(moras[[#This Row],[EDAD]]="", '2-Resumen'!$C$7, moras[[#This Row],[EDAD]]) -> 32 | P49: =FLOOR(moras[[#This Row],[EDAD_SIN_NA´S]],10) -> 30 | Q49: =STANDARDIZE(moras[[#This Row],[EDAD]],'2-Resumen'!$C$2, '2-Resumen'!$C$3) -> -0.69914348 | R49: =IF(ABS(moras[[#This Row],[Z-CORE E]]) > 1.96, "Sí", "No") -> No
A50: 63 | B50: HOMBRE | C50: 36635849 | D50: =IF(moras[[#This Row],[SALARIO]] <= '8-Morosidad en númericas'!$C$3, "BAJO", IF(moras[[#This Row],[SALARIO]] <= '8-Morosidad en númericas'!$C$4, "MEDIO-BAJO", IF(moras[[#This Row],[SALARIO]] <='8-Morosidad en númericas'!$C$5, "MEDIO-ALTO", "ALTO"))) -> ALTO | E50: =IF(moras[[#This Row],[SALARIO]]="",'2-Resumen'!$B$7, moras[[#This Row],[SALARIO]]) -> 36635849 | F50: =STANDARDIZE(moras[[#This Row],[SALARIO]],'2-Resumen'!$B$2,'2-Resumen'!$B$3) -> 0.233969 | G50: =IF(ABS(moras[[#This Row],[Z-CORE]])> 1.96,"Sí", "No") -> No | H50: ASALARIADO | I50: =IF(moras[[#This Row],[TIPO_ASEGURAMIENTO]] = "", '2-Resumen'!$F$4, moras[[#This Row],[TIPO_ASEGURAMIENTO]]) -> ASALARIADO | J50: SECTOR PRIVADO | K50: SI | L50: NO | M50: NO | N50: 51 | O50: =IF(moras[[#This Row],[EDAD]]="", '2-Resumen'!$C$7, moras[[#This Row],[EDAD]]) -> 51 | P50: =FLOOR(moras[[#This Row],[EDAD_SIN_NA´S]],10) -> 50 | Q50: =STANDARDIZE(moras[[#This Row],[EDAD]],'2-Resumen'!$C$2, '2-Resumen'!$C$3) -> 0.64178779 | R50: =IF(ABS(moras[[#This Row],[Z-CORE E]]) > 1.96, "Sí", "No") -> No
A51: 65 | B51: HOMBRE | C51: 34051083 | D51: =IF(moras[[#This Row],[SALARIO]] <= '8-Morosidad en númericas'!$C$3, "BAJO", IF(moras[[#This Row],[SALARIO]] <= '8-Morosidad en númericas'!$C$4, "MEDIO-BAJO", IF(moras[[#This Row],[SALARIO]] <='8-Morosidad en númericas'!$C$5, "MEDIO-ALTO", "ALTO"))) -> ALTO | E51: =IF(moras[[#This Row],[SALARIO]]="",'2-Resumen'!$B$7, moras[[#This Row],[SALARIO]]) -> 34051083 | F51: =STANDARDIZE(moras[[#This Row],[SALARIO]],'2-Resumen'!$B$2,'2-Resumen'!$B$3) -> 0.19096098 | G51: =IF(ABS(moras[[#This Row],[Z-CORE]])> 1.96,"Sí", "No") -> No | H51: ASALARIADO | I51: =IF(moras[[#This Row],[TIPO_ASEGURAMIENTO]] = "", '2-Resumen'!$F$4, moras[[#This Row],[TIPO_ASEGURAMIENTO]]) -> ASALARIADO | J51: SECTOR PRIVADO | K51: SI | L51: NO | M51: NO | N51: 40 | O51: =IF(moras[[#This Row],[EDAD]]="", '2-Resumen'!$C$7, moras[[#This Row],[EDAD]]) -> 40 | P51: =FLOOR(moras[[#This Row],[EDAD_SIN_NA´S]],10) -> 40 | Q51: =STANDARDIZE(moras[[#This Row],[EDAD]],'2-Resumen'!$C$2, '2-Resumen'!$C$3) -> -0.13454084 | R51: =IF(ABS(moras[[#This Row],[Z-CORE E]]) > 1.96, "Sí", "No") -> No
A52: 66 | B52: HOMBRE | C52: 3217736 | D52: =IF(moras[[#This Row],[SALARIO]] <= '8-Morosidad en númericas'!$C$3, "BAJO", IF(moras[[#This Row],[SALARIO]] <= '8-Morosidad en númericas'!$C$4, "MEDIO-BAJO", IF(moras[[#This Row],[SALARIO]] <='8-Morosidad en númericas'!$C$5, "MEDIO-ALTO", "ALTO"))) -> MEDIO-ALTO | E52: =IF(moras[[#This Row],[SALARIO]]="",'2-Resumen'!$B$7, moras[[#This Row],[SALARIO]]) -> 3217736 | F52: =STANDARDIZE(moras[[#This Row],[SALARIO]],'2-Resumen'!$B$2,'2-Resumen'!$B$3) -> -0.32207634 | G52: =IF(ABS(moras[[#This Row],[Z-CORE]])> 1.96,"Sí", "No") -> No | H52: ASALARIADO | I52: =IF(moras[[#This Row],[TIPO_ASEGURAMIENTO]] = "", '2-Resumen'!$F$4, moras[[#This Row],[TIPO_ASEGURAMIENTO]]) -> ASALARIADO | J52: SECTOR PRIVADO | K52: SI | L52: NO | M52: NO | N52: 32 | O52: =IF(moras[[#This Row],[EDAD]]="", '2-Resumen'!$C$7, moras[[#This Row],[EDAD]]) -> 32 | P52: =FLOOR(moras[[#This Row],[EDAD_SIN_NA´S]],10) -> 30 | Q52: =STANDARDIZE(moras[[#This Row],[EDAD]],'2-Resumen'!$C$2, '2-Resumen'!$C$3) -> -0.69914348 | R52: =IF(ABS(moras[[#This Row],[Z-CORE E]]) > 1.96, "Sí", "No") -> No
A53: 69 | B53: HOMBRE | C53: 18669325 | D53: =IF(moras[[#This Row],[SALARIO]] <= '8-Morosidad en númericas'!$C$3, "BAJO", IF(moras[[#This Row],[SALARIO]] <= '8-Morosidad en númericas'!$C$4, "MEDIO-BAJO", IF(moras[[#This Row],[SALARIO]] <='8-Morosidad en númericas'!$C$5, "MEDIO-ALTO", "ALTO"))) -> MEDIO-ALTO | E53: =IF(moras[[#This Row],[SALARIO]]="",'2-Resumen'!$B$7, moras[[#This Row],[SALARIO]]) -> 18669325 | F53: =STANDARDIZE(moras[[#This Row],[SALARIO]],'2-Resumen'!$B$2,'2-Resumen'!$B$3) -> -0.064976723 | G53: =IF(ABS(moras[[#This Row],[Z-CORE]])> 1.96,"Sí", "No") -> No | H53: ASALARIADO | I53: =IF(moras[[#This Row],[TIPO_ASEGURAMIENTO]] = "", '2-Resumen'!$F$4, moras[[#This Row],[TIPO_ASEGURAMIENTO]]) -> ASALARIADO | J53: SECTOR PUBLICO | K53: SI | L53: NO | M53: NO | N53: 57 | O53: =IF(moras[[#This Row],[EDAD]]="", '2-Resumen'!$C$7, moras[[#This Row],[EDAD]]) -> 57 | P53: =FLOOR(moras[[#This Row],[EDAD_SIN_NA´S]],10) -> 50 | Q53: =STANDARDIZE(moras[[#This Row],[EDAD]],'2-Resumen'!$C$2, '2-Resumen'!$C$3) -> 1.0652398 | R53: =IF(ABS(moras[[#This Row],[Z-CORE E]]) > 1.96, "Sí", "No") -> No
A54: 71 | B54: MUJER | C54: 5441635 | D54: =IF(moras[[#This Row],[SALARIO]] <= '8-Morosidad en númericas'!$C$3, "BAJO", IF(moras[[#This Row],[SALARIO]] <= '8-Morosidad en númericas'!$C$4, "MEDIO-BAJO", IF(moras[[#This Row],[SALARIO]] <='8-Morosidad en númericas'!$C$5, "MEDIO-ALTO", "ALTO"))) -> MEDIO-ALTO | E54: =IF(moras[[#This Row],[SALARIO]]="",'2-Resumen'!$B$7, moras[[#This Row],[SALARIO]]) -> 5441635 | F54: =STANDARDIZE(moras[[#This Row],[SALARIO]],'2-Resumen'!$B$2,'2-Resumen'!$B$3) -> -0.2850728 | G54: =IF(ABS(moras[[#This Row],[Z-CORE]])> 1.96,"Sí", "No") -> No | H54: ASALARIADO | I54: =IF(moras[[#This Row],[TIPO_ASEGURAMIENTO]] = "", '2-Resumen'!$F$4, moras[[#This Row],[TIPO_ASEGURAMIENTO]]) -> ASALARIADO | J54: SECTOR PRIVADO | K54: SI | L54: NO | M54: NO | N54: 24 | O54: =IF(moras[[#This Row],[EDAD]]="", '2-Resumen'!$C$7, moras[[#This Row],[EDAD]]) -> 24 | P54: =FLOOR(moras[[#This Row],[EDAD_SIN_NA´S]],10) -> 20 | Q54: =STANDARDIZE(moras[[#This Row],[EDAD]],'2-Resumen'!$C$2, '2-Resumen'!$C$3) -> -1.2637461 | R54: =IF(ABS(moras[[#This Row],[Z-CORE E]]) > 1.96, "Sí", "No") -> No
A55: 74 | B55: MUJER | C55: 5089728 | D55: =IF(moras[[#This Row],[SALARIO]] <= '8-Morosidad en númericas'!$C$3, "BAJO", IF(moras[[#This Row],[SALARIO]] <= '8-Morosidad en númericas'!$C$4, "MEDIO-BAJO", IF(moras[[#This Row],[SALARIO]] <='8-Morosidad en númericas'!$C$5, "MEDIO-ALTO", "ALTO"))) -> MEDIO-ALTO | E55: =IF(moras[[#This Row],[SALARIO]]="",'2-Resumen'!$B$7, moras[[#This Row],[SALARIO]]) -> 5089728 | F55: =STANDARDIZE(moras[[#This Row],[SALARIO]],'2-Resumen'!$B$2,'2-Resumen'!$B$3) -> -0.29092819 | G55: =IF(ABS(moras[[#This Row],[Z-CORE]])> 1.96,"Sí", "No") -> No | H55: ASALARIADO | I55: =IF(moras[[#This Row],[TIPO_ASEGURAMIENTO]] = "", '2-Resumen'!$F$4, moras[[#This Row],[TIPO_ASEGURAMIENTO]]) -> ASALARIADO | J55: SECTOR PUBLICO | K55: SI | L55: NO | M55: NO | N55: 46 | O55: =IF(moras[[#This Row],[EDAD]]="", '2-Resumen'!$C$7, moras[[#This Row],[EDAD]]) -> 46 | P55: =FLOOR(moras[[#This Row],[EDAD_SIN_NA´S]],10) -> 40 | Q55: =STANDARDIZE(moras[[#This Row],[EDAD]],'2-Resumen'!$C$2, '2-Resumen'!$C$3) -> 0.28891114 | R55: =IF(ABS(moras[[#This Row],[Z-CORE E]]) > 1.96, "Sí", "No") -> No
A56: 75 | B56: HOMBRE | C56: 47642406 | D56: =IF(moras[[#This Row],[SALARIO]] <= '8-Morosidad en númericas'!$C$3, "BAJO", IF(moras[[#This Row],[SALARIO]] <= '8-Morosidad en númericas'!$C$4, "MEDIO-BAJO", IF(moras[[#This Row],[SALARIO]] <='8-Morosidad en númericas'!$C$5, "MEDIO-ALTO", "ALTO"))) -> ALTO | E56: =IF(moras[[#This Row],[SALARIO]]="",'2-Resumen'!$B$7, moras[[#This Row],[SALARIO]]) -> 47642406 | F56: =STANDARDIZE(moras[[#This Row],[SALARIO]],'2-Resumen'!$B$2,'2-Resumen'!$B$3) -> 0.41710755 | G56: =IF(ABS(moras[[#This Row],[Z-CORE]])> 1.96,"Sí", "No") -> No | H56: ASALARIADO | I56: =IF(moras[[#This Row],[TIPO_ASEGURAMIENTO]] = "", '2-Resumen'!$F$4, moras[[#This Row],[TIPO_ASEGURAMIENTO]]) -> ASALARIADO | J56: SECTOR PRIVADO | K56: SI | L56: NO | M56: NO | N56: 24 | O56: =IF(moras[[#This Row],[EDAD]]="", '2-Resumen'!$C$7, moras[[#This Row],[EDAD]]) -> 24 | P56: =FLOOR(moras[[#This Row],[EDAD_SIN_NA´S]],10) -> 20 | Q56: =STANDARDIZE(moras[[#This Row],[EDAD]],'2-Resumen'!$C$2, '2-Resumen'!$C$3) -> -1.2637461 | R56: =IF(ABS(moras[[#This Row],[Z-CORE E]]) > 1.96, "Sí", "No") -> No
... A3468: 55 | B3468: HOMBRE | C3468: 300000 | D3468: =IF(moras[[#This Row],[SALARIO]] <= '8-Morosidad en númericas'!$C$3, "BAJO", IF(moras[[#This Row],[SALARIO]] <= '8-Morosidad en númericas'!$C$4, "MEDIO-BAJO", IF(moras[[#This Row],[SALARIO]] <='8-Morosidad en númericas'!$C$5, "MEDIO-ALTO", "ALTO"))) -> BAJO | E3468: =IF(moras[[#This Row],[SALARIO]]="",'2-Resumen'!$B$7, moras[[#This Row],[SALARIO]]) -> 300000 | F3468: =STANDARDIZE(moras[[#This Row],[SALARIO]],'2-Resumen'!$B$2,'2-Resumen'!$B$3) -> -0.37062467 | G3468: =IF(ABS(moras[[#This Row],[Z-CORE]])> 1.96,"Sí", "No") -> No | H3468: ASEGURADO VOLUNTARIO | I3468: =IF(moras[[#This Row],[TIPO_ASEGURAMIENTO]] = "", '2-Resumen'!$F$4, moras[[#This Row],[TIPO_ASEGURAMIENTO]]) -> ASEGURADO VOLUNTARIO | J3468: SECTOR PRIVADO | K3468: SI | L3468: NO | M3468: NO | N3468: 44 | O3468: =IF(moras[[#This Row],[EDAD]]="", '2-Resumen'!$C$7, moras[[#This Row],[EDAD]]) -> 44 | P3468: =FLOOR(moras[[#This Row],[EDAD_SIN_NA´S]],10) -> 40 | Q3468: =STANDARDIZE(moras[[#This Row],[EDAD]],'2-Resumen'!$C$2, '2-Resumen'!$C$3) -> 0.14776048 | R3468: =IF(ABS(moras[[#This Row],[Z-CORE E]]) > 1.96, "Sí", "No") -> No
A3469: 70 | B3469: HOMBRE | C3469: 299647 | D3469: =IF(moras[[#This Row],[SALARIO]] <= '8-Morosidad en númericas'!$C$3, "BAJO", IF(moras[[#This Row],[SALARIO]] <= '8-Morosidad en númericas'!$C$4, "MEDIO-BAJO", IF(moras[[#This Row],[SALARIO]] <='8-Morosidad en númericas'!$C$5, "MEDIO-ALTO", "ALTO"))) -> BAJO | E3469: =IF(moras[[#This Row],[SALARIO]]="",'2-Resumen'!$B$7, moras[[#This Row],[SALARIO]]) -> 299647 | F3469: =STANDARDIZE(moras[[#This Row],[SALARIO]],'2-Resumen'!$B$2,'2-Resumen'!$B$3) -> -0.37063054 | G3469: =IF(ABS(moras[[#This Row],[Z-CORE]])> 1.96,"Sí", "No") -> No | H3469: ASEGURADO VOLUNTARIO | I3469: =IF(moras[[#This Row],[TIPO_ASEGURAMIENTO]] = "", '2-Resumen'!$F$4, moras[[#This Row],[TIPO_ASEGURAMIENTO]]) -> ASEGURADO VOLUNTARIO | J3469: SECTOR PRIVADO | K3469: SI | L3469: NO | M3469: NO | O3469: =IF(moras[[#This Row],[EDAD]]="", '2-Resumen'!$C$7, moras[[#This Row],[EDAD]]) -> 40 | P3469: =FLOOR(moras[[#This Row],[EDAD_SIN_NA´S]],10) -> 40 | Q3469: =STANDARDIZE(moras[[#This Row],[EDAD]],'2-Resumen'!$C$2, '2-Resumen'!$C$3) -> -2.957554 | R3469: =IF(ABS(moras[[#This Row],[Z-CORE E]]) > 1.96, "Sí", "No") -> Sí
A3470: 77 | B3470: HOMBRE | C3470: 297046 | D3470: =IF(moras[[#This Row],[SALARIO]] <= '8-Morosidad en númericas'!$C$3, "BAJO", IF(moras[[#This Row],[SALARIO]] <= '8-Morosidad en númericas'!$C$4, "MEDIO-BAJO", IF(moras[[#This Row],[SALARIO]] <='8-Morosidad en númericas'!$C$5, "MEDIO-ALTO", "ALTO"))) -> BAJO | E3470: =IF(moras[[#This Row],[SALARIO]]="",'2-Resumen'!$B$7, moras[[#This Row],[SALARIO]]) -> 297046 | F3470: =STANDARDIZE(moras[[#This Row],[SALARIO]],'2-Resumen'!$B$2,'2-Resumen'!$B$3) -> -0.37067382 | G3470: =IF(ABS(moras[[#This Row],[Z-CORE]])> 1.96,"Sí", "No") -> No | H3470: ASEGURADO VOLUNTARIO | I3470: =IF(moras[[#This Row],[TIPO_ASEGURAMIENTO]] = "", '2-Resumen'!$F$4, moras[[#This Row],[TIPO_ASEGURAMIENTO]]) -> ASEGURADO VOLUNTARIO | J3470: SECTOR PRIVADO | K3470: NO | L3470: NO | M3470: SI | N3470: 29 | O3470: =IF(moras[[#This Row],[EDAD]]="", '2-Resumen'!$C$7, moras[[#This Row],[EDAD]]) -> 29 | P3470: =FLOOR(moras[[#This Row],[EDAD_SIN_NA´S]],10) -> 20 | Q3470: =STANDARDIZE(moras[[#This Row],[EDAD]],'2-Resumen'!$C$2, '2-Resumen'!$C$3) -> -0.91086947 | R3470: =IF(ABS(moras[[#This Row],[Z-CORE E]]) > 1.96, "Sí", "No") -> No
A3471: 80 | B3471: MUJER | C3471: 297046 | D3471: =IF(moras[[#This Row],[SALARIO]] <= '8-Morosidad en númericas'!$C$3, "BAJO", IF(moras[[#This Row],[SALARIO]] <= '8-Morosidad en númericas'!$C$4, "MEDIO-BAJO", IF(moras[[#This Row],[SALARIO]] <='8-Morosidad en númericas'!$C$5, "MEDIO-ALTO", "ALTO"))) -> BAJO | E3471: =IF(moras[[#This Row],[SALARIO]]="",'2-Resumen'!$B$7, moras[[#This Row],[SALARIO]]) -> 297046 | F3471: =STANDARDIZE(moras[[#This Row],[SALARIO]],'2-Resumen'!$B$2,'2-Resumen'!$B$3) -> -0.37067382 | G3471: =IF(ABS(moras[[#This Row],[Z-CORE]])> 1.96,"Sí", "No") -> No | H3471: ASEGURADO VOLUNTARIO | I3471: =IF(moras[[#This Row],[TIPO_ASEGURAMIENTO]] = "", '2-Resumen'!$F$4, moras[[#This Row],[TIPO_ASEGURAMIENTO]]) -> ASEGURADO VOLUNTARIO | J3471: SECTOR PRIVADO | K3471: SI | L3471: NO | M3471: NO | N3471: 50 | O3471: =IF(moras[[#This Row],[EDAD]]="", '2-Resumen'!$C$7, moras[[#This Row],[EDAD]]) -> 50 | P3471: =FLOOR(moras[[#This Row],[EDAD_SIN_NA´S]],10) -> 50 | Q3471: =STANDARDIZE(moras[[#This Row],[EDAD]],'2-Resumen'!$C$2, '2-Resumen'!$C$3) -> 0.57121246 | R3471: =IF(ABS(moras[[#This Row],[Z-CORE E]]) > 1.96, "Sí", "No") -> No
A3472: 86 | B3472: MUJER | C3472: 297046 | D3472: =IF(moras[[#This Row],[SALARIO]] <= '8-Morosidad en númericas'!$C$3, "BAJO", IF(moras[[#This Row],[SALARIO]] <= '8-Morosidad en númericas'!$C$4, "MEDIO-BAJO", IF(moras[[#This Row],[SALARIO]] <='8-Morosidad en númericas'!$C$5, "MEDIO-ALTO", "ALTO"))) -> BAJO | E3472: =IF(moras[[#This Row],[SALARIO]]="",'2-Resumen'!$B$7, moras[[#This Row],[SALARIO]]) -> 297046 | F3472: =STANDARDIZE(moras[[#This Row],[SALARIO]],'2-Resumen'!$B$2,'2-Resumen'!$B$3) -> -0.37067382 | G3472: =IF(ABS(moras[[#This Row],[Z-CORE]])> 1.96,"Sí", "No") -> No | H3472: ASEGURADO VOLUNTARIO | I3472: =IF(moras[[#This Row],[TIPO_ASEGURAMIENTO]] = "", '2-Resumen'!$F$4, moras[[#This Row],[TIPO_ASEGURAMIENTO]]) -> ASEGURADO VOLUNTARIO | J3472: SECTOR PRIVADO | K3472: SI | L3472: NO | M3472: NO | N3472: 36 | O3472: =IF(moras[[#This Row],[EDAD]]="", '2-Resumen'!$C$7, moras[[#This Row],[EDAD]]) -> 36 | P3472: =FLOOR(moras[[#This Row],[EDAD_SIN_NA´S]],10) -> 30 | Q3472: =STANDARDIZE(moras[[#This Row],[EDAD]],'2-Resumen'!$C$2, '2-Resumen'!$C$3) -> -0.41684216 | R3472: =IF(ABS(moras[[#This Row],[Z-CORE E]]) > 1.96, "Sí", "No") -> No
A3473: 103 | B3473: HOMBRE | C3473: 300018 | D3473: =IF(moras[[#This Row],[SALARIO]] <= '8-Morosidad en númericas'!$C$3, "BAJO", IF(moras[[#This Row],[SALARIO]] <= '8-Morosidad en númericas'!$C$4, "MEDIO-BAJO", IF(moras[[#This Row],[SALARIO]] <='8-Morosidad en númericas'!$C$5, "MEDIO-ALTO", "ALTO"))) -> BAJO | E3473: =IF(moras[[#This Row],[SALARIO]]="",'2-Resumen'!$B$7, moras[[#This Row],[SALARIO]]) -> 300018 | F3473: =STANDARDIZE(moras[[#This Row],[SALARIO]],'2-Resumen'!$B$2,'2-Resumen'!$B$3) -> -0.37062437 | G3473: =IF(ABS(moras[[#This Row],[Z-CORE]])> 1.96,"Sí", "No") -> No | H3473: ASEGURADO VOLUNTARIO | I3473: =IF(moras[[#This Row],[TIPO_ASEGURAMIENTO]] = "", '2-Resumen'!$F$4, moras[[#This Row],[TIPO_ASEGURAMIENTO]]) -> ASEGURADO VOLUNTARIO | J3473: SECTOR PRIVADO | K3473: SI | L3473: NO | M3473: NO | N3473: 63 | O3473: =IF(moras[[#This Row],[EDAD]]="", '2-Resumen'!$C$7, moras[[#This Row],[EDAD]]) -> 63 | P3473: =FLOOR(moras[[#This Row],[EDAD_SIN_NA´S]],10) -> 60 | Q3473: =STANDARDIZE(moras[[#This Row],[EDAD]],'2-Resumen'!$C$2, '2-Resumen'!$C$3) -> 1.4886917 | R3473: =IF(ABS(moras[[#This Row],[Z-CORE E]]) > 1.96, "Sí", "No") -> No
A3474: 107 | B3474: HOMBRE | C3474: 310124 | D3474: =IF(moras[[#This Row],[SALARIO]] <= '8-Morosidad en númericas'!$C$3, "BAJO", IF(moras[[#This Row],[SALARIO]] <= '8-Morosidad en númericas'!$C$4, "MEDIO-BAJO", IF(moras[[#This Row],[SALARIO]] <='8-Morosidad en númericas'!$C$5, "MEDIO-ALTO", "ALTO"))) -> BAJO | E3474: =IF(moras[[#This Row],[SALARIO]]="",'2-Resumen'!$B$7, moras[[#This Row],[SALARIO]]) -> 310124 | F3474: =STANDARDIZE(moras[[#This Row],[SALARIO]],'2-Resumen'!$B$2,'2-Resumen'!$B$3) -> -0.37045622 | G3474: =IF(ABS(moras[[#This Row],[Z-CORE]])> 1.96,"Sí", "No") -> No | H3474: ASEGURADO VOLUNTARIO | I3474: =IF(moras[[#This Row],[TIPO_ASEGURAMIENTO]] = "", '2-Resumen'!$F$4, moras[[#This Row],[TIPO_ASEGURAMIENTO]]) -> ASEGURADO VOLUNTARIO | J3474: SECTOR PRIVADO | K3474: SI | L3474: NO | M3474: NO | N3474: 51 | O3474: =IF(moras[[#This Row],[EDAD]]="", '2-Resumen'!$C$7, moras[[#This Row],[EDAD]]) -> 51 | P3474: =FLOOR(moras[[#This Row],[EDAD_SIN_NA´S]],10) -> 50 | Q3474: =STANDARDIZE(moras[[#This Row],[EDAD]],'2-Resumen'!$C$2, '2-Resumen'!$C$3) -> 0.64178779 | R3474: =IF(ABS(moras[[#This Row],[Z-CORE E]]) > 1.96, "Sí", "No") -> No
A3475: 112 | B3475: MUJER | C3475: 298155 | D3475: =IF(moras[[#This Row],[SALARIO]] <= '8-Morosidad en númericas'!$C$3, "BAJO", IF(moras[[#This Row],[SALARIO]] <= '8-Morosidad en númericas'!$C$4, "MEDIO-BAJO", IF(moras[[#This Row],[SALARIO]] <='8-Morosidad en númericas'!$C$5, "MEDIO-ALTO", "ALTO"))) -> BAJO | E3475: =IF(moras[[#This Row],[SALARIO]]="",'2-Resumen'!$B$7, moras[[#This Row],[SALARIO]]) -> 298155 | F3475: =STANDARDIZE(moras[[#This Row],[SALARIO]],'2-Resumen'!$B$2,'2-Resumen'!$B$3) -> -0.37065537 | G3475: =IF(ABS(moras[[#This Row],[Z-CORE]])> 1.96,"Sí", "No") -> No | H3475: ASEGURADO VOLUNTARIO | I3475: =IF(moras[[#This Row],[TIPO_ASEGURAMIENTO]] = "", '2-Resumen'!$F$4, moras[[#This Row],[TIPO_ASEGURAMIENTO]]) -> ASEGURADO VOLUNTARIO | J3475: SECTOR PRIVADO | K3475: SI | L3475: NO | M3475: NO | N3475: 47 | O3475: =IF(moras[[#This Row],[EDAD]]="", '2-Resumen'!$C$7, moras[[#This Row],[EDAD]]) -> 47 | P3475: =FLOOR(moras[[#This Row],[EDAD_SIN_NA´S]],10) -> 40 | Q3475: =STANDARDIZE(moras[[#This Row],[EDAD]],'2-Resumen'!$C$2, '2-Resumen'!$C$3) -> 0.35948647 | R3475: =IF(ABS(moras[[#This Row],[Z-CORE E]]) > 1.96, "Sí", "No") -> No
A3476: 120 | B3476: MUJER | C3476: 297046 | D3476: =IF(moras[[#This Row],[SALARIO]] <= '8-Morosidad en númericas'!$C$3, "BAJO", IF(moras[[#This Row],[SALARIO]] <= '8-Morosidad en númericas'!$C$4, "MEDIO-BAJO", IF(moras[[#This Row],[SALARIO]] <='8-Morosidad en númericas'!$C$5, "MEDIO-ALTO", "ALTO"))) -> BAJO | E3476: =IF(moras[[#This Row],[SALARIO]]="",'2-Resumen'!$B$7, moras[[#This Row],[SALARIO]]) -> 297046 | F3476: =STANDARDIZE(moras[[#This Row],[SALARIO]],'2-Resumen'!$B$2,'2-Resumen'!$B$3) -> -0.37067382 | G3476: =IF(ABS(moras[[#This Row],[Z-CORE]])> 1.96,"Sí", "No") -> No | H3476: ASEGURADO VOLUNTARIO | I3476: =IF(moras[[#This Row],[TIPO_ASEGURAMIENTO]] = "", '2-Resumen'!$F$4, moras[[#This Row],[TIPO_ASEGURAMIENTO]]) -> ASEGURADO VOLUNTARIO | J3476: SECTOR PRIVADO | K3476: SI | L3476: SI | M3476: SI | N3476: 37 | O3476: =IF(moras[[#This Row],[EDAD]]="", '2-Resumen'!$C$7, moras[[#This Row],[EDAD]]) -> 37 | P3476: =FLOOR(moras[[#This Row],[EDAD_SIN_NA´S]],10) -> 30 | Q3476: =STANDARDIZE(moras[[#This Row],[EDAD]],'2-Resumen'!$C$2, '2-Resumen'!$C$3) -> -0.34626683 | R3476: =IF(ABS(moras[[#This Row],[Z-CORE E]]) > 1.96, "Sí", "No") -> No
A3477: 122 | B3477: MUJER | C3477: 297514 | D3477: =IF(moras[[#This Row],[SALARIO]] <= '8-Morosidad en númericas'!$C$3, "BAJO", IF(moras[[#This Row],[SALARIO]] <= '8-Morosidad en númericas'!$C$4, "MEDIO-BAJO", IF(moras[[#This Row],[SALARIO]] <='8-Morosidad en númericas'!$C$5, "MEDIO-ALTO", "ALTO"))) -> BAJO | E3477: =IF(moras[[#This Row],[SALARIO]]="",'2-Resumen'!$B$7, moras[[#This Row],[SALARIO]]) -> 297514 | F3477: =STANDARDIZE(moras[[#This Row],[SALARIO]],'2-Resumen'!$B$2,'2-Resumen'!$B$3) -> -0.37066603 | G3477: =IF(ABS(moras[[#This Row],[Z-CORE]])> 1.96,"Sí", "No") -> No | H3477: ASEGURADO VOLUNTARIO | I3477: =IF(moras[[#This Row],[TIPO_ASEGURAMIENTO]] = "", '2-Resumen'!$F$4, moras[[#This Row],[TIPO_ASEGURAMIENTO]]) -> ASEGURADO VOLUNTARIO | J3477: SECTOR PRIVADO | K3477: SI | L3477: NO | M3477: NO | N3477: 45 | O3477: =IF(moras[[#This Row],[EDAD]]="", '2-Resumen'!$C$7, moras[[#This Row],[EDAD]]) -> 45 | P3477: =FLOOR(moras[[#This Row],[EDAD_SIN_NA´S]],10) -> 40 | Q3477: =STANDARDIZE(moras[[#This Row],[EDAD]],'2-Resumen'!$C$2, '2-Resumen'!$C$3) -> 0.21833581 | R3477: =IF(ABS(moras[[#This Row],[Z-CORE E]]) > 1.96, "Sí", "No") -> No
A3478: 123 | B3478: MUJER | C3478: 297062 | D3478: =IF(moras[[#This Row],[SALARIO]] <= '8-Morosidad en númericas'!$C$3, "BAJO", IF(moras[[#This Row],[SALARIO]] <= '8-Morosidad en númericas'!$C$4, "MEDIO-BAJO", IF(moras[[#This Row],[SALARIO]] <='8-Morosidad en númericas'!$C$5, "MEDIO-ALTO", "ALTO"))) -> BAJO | E3478: =IF(moras[[#This Row],[SALARIO]]="",'2-Resumen'!$B$7, moras[[#This Row],[SALARIO]]) -> 297062 | F3478: =STANDARDIZE(moras[[#This Row],[SALARIO]],'2-Resumen'!$B$2,'2-Resumen'!$B$3) -> -0.37067356 | G3478: =IF(ABS(moras[[#This Row],[Z-CORE]])> 1.96,"Sí", "No") -> No | H3478: ASEGURADO VOLUNTARIO | I3478: =IF(moras[[#This Row],[TIPO_ASEGURAMIENTO]] = "", '2-Resumen'!$F$4, moras[[#This Row],[TIPO_ASEGURAMIENTO]]) -> ASEGURADO VOLUNTARIO | J3478: SECTOR PRIVADO | K3478: SI | L3478: NO | M3478: NO | N3478: 40 | O3478: =IF(moras[[#This Row],[EDAD]]="", '2-Resumen'!$C$7, moras[[#This Row],[EDAD]]) -> 40 | P3478: =FLOOR(moras[[#This Row],[EDAD_SIN_NA´S]],10) -> 40 | Q3478: =STANDARDIZE(moras[[#This Row],[EDAD]],'2-Resumen'!$C$2, '2-Resumen'!$C$3) -> -0.13454084 | R3478: =IF(ABS(moras[[#This Row],[Z-CORE E]]) > 1.96, "Sí", "No") -> No
A3479: 125 | B3479: HOMBRE | C3479: 300018 | D3479: =IF(moras[[#This Row],[SALARIO]] <= '8-Morosidad en númericas'!$C$3, "BAJO", IF(moras[[#This Row],[SALARIO]] <= '8-Morosidad en númericas'!$C$4, "MEDIO-BAJO", IF(moras[[#This Row],[SALARIO]] <='8-Morosidad en númericas'!$C$5, "MEDIO-ALTO", "ALTO"))) -> BAJO | E3479: =IF(moras[[#This Row],[SALARIO]]="",'2-Resumen'!$B$7, moras[[#This Row],[SALARIO]]) -> 300018 | F3479: =STANDARDIZE(moras[[#This Row],[SALARIO]],'2-Resumen'!$B$2,'2-Resumen'!$B$3) -> -0.37062437 | G3479: =IF(ABS(moras[[#This Row],[Z-CORE]])> 1.96,"Sí", "No") -> No | H3479: ASEGURADO VOLUNTARIO | I3479: =IF(moras[[#This Row],[TIPO_ASEGURAMIENTO]] = "", '2-Resumen'!$F$4, moras[[#This Row],[TIPO_ASEGURAMIENTO]]) -> ASEGURADO VOLUNTARIO | J3479: SECTOR PRIVADO | K3479: SI | L3479: NO | M3479: NO | N3479: 82 | O3479: =IF(moras[[#This Row],[EDAD]]="", '2-Resumen'!$C$7, moras[[#This Row],[EDAD]]) -> 82 | P3479: =FLOOR(moras[[#This Row],[EDAD_SIN_NA´S]],10) -> 80 | Q3479: =STANDARDIZE(moras[[#This Row],[EDAD]],'2-Resumen'!$C$2, '2-Resumen'!$C$3) -> 2.829623 | R3479: =IF(ABS(moras[[#This Row],[Z-CORE E]]) > 1.96, "Sí", "No") -> Sí
A3480: 131 | B3480: MUJER | C3480: 299647 | D3480: =IF(moras[[#This Row],[SALARIO]] <= '8-Morosidad en númericas'!$C$3, "BAJO", IF(moras[[#This Row],[SALARIO]] <= '8-Morosidad en númericas'!$C$4, "MEDIO-BAJO", IF(moras[[#This Row],[SALARIO]] <='8-Morosidad en númericas'!$C$5, "MEDIO-ALTO", "ALTO"))) -> BAJO | E3480: =IF(moras[[#This Row],[SALARIO]]="",'2-Resumen'!$B$7, moras[[#This Row],[SALARIO]]) -> 299647 | F3480: =STANDARDIZE(moras[[#This Row],[SALARIO]],'2-Resumen'!$B$2,'2-Resumen'!$B$3) -> -0.37063054 | G3480: =IF(ABS(moras[[#This Row],[Z-CORE]])> 1.96,"Sí", "No") -> No | H3480: ASEGURADO VOLUNTARIO | I3480: =IF(moras[[#This Row],[TIPO_ASEGURAMIENTO]] = "", '2-Resumen'!$F$4, moras[[#This Row],[TIPO_ASEGURAMIENTO]]) -> ASEGURADO VOLUNTARIO | J3480: SECTOR PRIVADO | K3480: SI | L3480: NO | M3480: NO | N3480: 50 | O3480: =IF(moras[[#This Row],[EDAD]]="", '2-Resumen'!$C$7, moras[[#This Row],[EDAD]]) -> 50 | P3480: =FLOOR(moras[[#This Row],[EDAD_SIN_NA´S]],10) -> 50 | Q3480: =STANDARDIZE(moras[[#This Row],[EDAD]],'2-Resumen'!$C$2, '2-Resumen'!$C$3) -> 0.57121246 | R3480: =IF(ABS(moras[[#This Row],[Z-CORE E]]) > 1.96, "Sí", "No") -> No
A3481: 140 | B3481: HOMBRE | C3481: 278035 | D3481: =IF(moras[[#This Row],[SALARIO]] <= '8-Morosidad en númericas'!$C$3, "BAJO", IF(moras[[#This Row],[SALARIO]] <= '8-Morosidad en númericas'!$C$4, "MEDIO-BAJO", IF(moras[[#This Row],[SALARIO]] <='8-Morosidad en númericas'!$C$5, "MEDIO-ALTO", "ALTO"))) -> BAJO | E3481: =IF(moras[[#This Row],[SALARIO]]="",'2-Resumen'!$B$7, moras[[#This Row],[SALARIO]]) -> 278035 | F3481: =STANDARDIZE(moras[[#This Row],[SALARIO]],'2-Resumen'!$B$2,'2-Resumen'!$B$3) -> -0.37099015 | G3481: =IF(ABS(moras[[#This Row],[Z-CORE]])> 1.96,"Sí", "No") -> No | H3481: ASEGURADO VOLUNTARIO | I3481: =IF(moras[[#This Row],[TIPO_ASEGURAMIENTO]] = "", '2-Resumen'!$F$4, moras[[#This Row],[TIPO_ASEGURAMIENTO]]) -> ASEGURADO VOLUNTARIO | J3481: SECTOR PRIVADO | K3481: SI | L3481: NO | M3481: NO | N3481: 41 | O3481: =IF(moras[[#This Row],[EDAD]]="", '2-Resumen'!$C$7, moras[[#This Row],[EDAD]]) -> 41 | P3481: =FLOOR(moras[[#This Row],[EDAD_SIN_NA´S]],10) -> 40 | Q3481: =STANDARDIZE(moras[[#This Row],[EDAD]],'2-Resumen'!$C$2, '2-Resumen'!$C$3) -> -0.063965513 | R3481: =IF(ABS(moras[[#This Row],[Z-CORE E]]) > 1.96, "Sí", "No") -> No
... A5000: 4986 | B5000: MUJER | C5000: 356455 | D5000: =IF(moras[[#This Row],[SALARIO]] <= '8-Morosidad en númericas'!$C$3, "BAJO", IF(moras[[#This Row],[SALARIO]] <= '8-Morosidad en númericas'!$C$4, "MEDIO-BAJO", IF(moras[[#This Row],[SALARIO]] <='8-Morosidad en númericas'!$C$5, "MEDIO-ALTO", "ALTO"))) -> MEDIO-BAJO | E5000: =IF(moras[[#This Row],[SALARIO]]="",'2-Resumen'!$B$7, moras[[#This Row],[SALARIO]]) -> 356455 | F5000: =STANDARDIZE(moras[[#This Row],[SALARIO]],'2-Resumen'!$B$2,'2-Resumen'!$B$3) -> -0.36968531 | G5000: =IF(ABS(moras[[#This Row],[Z-CORE]])> 1.96,"Sí", "No") -> No | H5000: TRABAJADOR INDEPENDIENTE | I5000: =IF(moras[[#This Row],[TIPO_ASEGURAMIENTO]] = "", '2-Resumen'!$F$4, moras[[#This Row],[TIPO_ASEGURAMIENTO]]) -> TRABAJADOR INDEPENDIENTE | J5000: SECTOR PRIVADO | K5000: SI | L5000: NO | M5000: NO | N5000: 63 | O5000: =IF(moras[[#This Row],[EDAD]]="", '2-Resumen'!$C$7, moras[[#This Row],[EDAD]]) -> 63 | P5000: =FLOOR(moras[[#This Row],[EDAD_SIN_NA´S]],10) -> 60 | Q5000: =STANDARDIZE(moras[[#This Row],[EDAD]],'2-Resumen'!$C$2, '2-Resumen'!$C$3) -> 1.4886917 | R5000: =IF(ABS(moras[[#This Row],[Z-CORE E]]) > 1.96, "Sí", "No") -> No
A5001: 72 | B5001: MUJER | C5001: 2128928 | D5001: =IF(moras[[#This Row],[SALARIO]] <= '8-Morosidad en númericas'!$C$3, "BAJO", IF(moras[[#This Row],[SALARIO]] <= '8-Morosidad en númericas'!$C$4, "MEDIO-BAJO", IF(moras[[#This Row],[SALARIO]] <='8-Morosidad en númericas'!$C$5, "MEDIO-ALTO", "ALTO"))) -> MEDIO-ALTO | E5001: =IF(moras[[#This Row],[SALARIO]]="",'2-Resumen'!$B$7, moras[[#This Row],[SALARIO]]) -> 2128928 | F5001: =STANDARDIZE(moras[[#This Row],[SALARIO]],'2-Resumen'!$B$2,'2-Resumen'!$B$3) -> -0.34019306 | G5001: =IF(ABS(moras[[#This Row],[Z-CORE]])> 1.96,"Sí", "No") -> No | I5001: =IF(moras[[#This Row],[TIPO_ASEGURAMIENTO]] = "", '2-Resumen'!$F$4, moras[[#This Row],[TIPO_ASEGURAMIENTO]]) -> ASALARIADO | J5001: SECTOR PUBLICO | K5001: SI | L5001: NO | M5001: SI | N5001: 42 | O5001: =IF(moras[[#This Row],[EDAD]]="", '2-Resumen'!$C$7, moras[[#This Row],[EDAD]]) -> 42 | P5001: =FLOOR(moras[[#This Row],[EDAD_SIN_NA´S]],10) -> 40 | Q5001: =STANDARDIZE(moras[[#This Row],[EDAD]],'2-Resumen'!$C$2, '2-Resumen'!$C$3) -> 0.0066098168 | R5001: =IF(ABS(moras[[#This Row],[Z-CORE E]]) > 1.96, "Sí", "No") -> No

Sheet 4-Valores Faltantes
B1: Cantidad de valores faltantes | C1: Total de valores | D1: Porcentaje de NA´s
A2: IDENTIFICACION | B2: =COUNTBLANK(moras[IDENTIFICACION]) -> 0 | C2: =COUNT(moras!A:A) -> 5000 | D2: =B2/C2 -> 0
A3: SEXO | B3: =COUNTBLANK(moras[SEXO]) -> 0 | C3: =COUNT(moras!A:A) -> 5000 | D3: =B3/C3 -> 0
A4: SALARIO | B4: =COUNTBLANK(moras[SALARIO]) -> 3 | C4: =COUNT(moras!A:A) -> 5000 | D4: =B4/C4 -> 0.0006
A5: Z-CORE | B5: =COUNTBLANK(moras[Z-CORE]) -> 0 | C5: =COUNT(moras!A:A) -> 5000 | D5: =B5/C5 -> 0
A6: INDICADOR_VALOR_ATÍPICO_SALARIO | B6: =COUNTBLANK(moras[INDICADOR_VALOR_ATÍPICO_SALARIO]) -> 0 | C6: =COUNT(moras!A:A) -> 5000 | D6: =B6/C6 -> 0
A7: TIPO_ASEGURAMIENTO | B7: =COUNTBLANK(moras[TIPO_ASEGURAMIENTO]) -> 2 | C7: =COUNT(moras!A:A) -> 5000 | D7: =B7/C7 -> 0.0004
A8: SECTOR | B8: =COUNTBLANK(moras[SECTOR]) -> 0 | C8: =COUNT(moras!A:A) -> 5000 | D8: =B8/C8 -> 0
A9: INDICADOR_ACTIVO | B9: =COUNTBLANK(moras[INDICADOR_ACTIVO]) -> 0 | C9: =COUNT(moras!A:A) -> 5000 | D9: =B9/C9 -> 0
A10: INDICADOR.EXTRANJERO | B10: =COUNTBLANK(moras[INDICADOR.EXTRANJERO]) -> 0 | C10: =COUNT(moras!A:A) -> 5000 | D10: =B10/C10 -> 0
A11: INDICADOR_MOROSO | B11: =COUNTBLANK(moras[INDICADOR_MOROSO]) -> 0 | C11: =COUNT(moras!A:A) -> 5000 | D11: =B11/C11 -> 0
A12: EDAD | B12: =COUNTBLANK(moras[EDAD]) -> 3 | C12: =COUNT(moras!A:A) -> 5000 | D12: =B12/C12 -> 0.0006
A13: Z-CORE E | B13: =COUNTBLANK(moras[Z-CORE E]) -> 0 | C13: =COUNT(moras!A:A) -> 5000 | D13: =B13/C13 -> 0
A14: INDICADOR_VALOR_ATÍPICO_EDAD | B14: =COUNTBLANK(moras[INDICADOR_VALOR_ATÍPICO_EDAD]) -> 0 | C14: =COUNT(moras!A:A) -> 5000 | D14: =B14/C14 -> 0

Sheet 6-Individuos por categoría
B2: Sexo | C2: Frecuencia observada
B3: Hombre | C3: =COUNTIF(moras[SEXO], "HOMBRE") -> 3012
B4: Mujer | C4: =COUNTIF(moras[SEXO], "MUJER") -> 1988
B6: Indicador Activo | C6: Frecuencia observada
B7: Si | C7: =COUNTIF(moras[INDICADOR_ACTIVO], "SI") -> 4966
B8: No | C8: =COUNTIF(moras[INDICADOR_ACTIVO], "NO") -> 34
B10: Indicador Extranjero | C10: Frecuencia observada
B11: Si | C11: =COUNTIF(moras[INDICADOR.EXTRANJERO], "SI") -> 603
B12: No | C12: =COUNTIF(moras[INDICADOR.EXTRANJERO], "NO") -> 4397
B14: Indicador Moroso | C14: Frecuencia observada
B15: Si | C15: =COUNTIF(moras[INDICADOR_MOROSO], "SI") -> 870
B16: No | C16: =COUNTIF(moras[INDICADOR_MOROSO], "NO") -> 4130
B18: Tipo Aseguramiento | C18: Frecuencia observada
B19: Asalariado | C19: =COUNTIF(moras[TIPO_ASEGURAMIENTO_SIN_NA´S], "ASALARIADO") -> 3464
B20: Asegurado Voluntario | C20: =COUNTIF(moras[TIPO_ASEGURAMIENTO_SIN_NA´S], "ASEGURADO VOLUNTARIO") -> 436
B21: Pensionados en su propio sistema | C21: =COUNTIF(moras[TIPO_ASEGURAMIENTO_SIN_NA´S], "PENSIONADOS EN SU PROPIO SISTEMA") -> 212
B22: Trabajador independiente | C22: =COUNTIF(moras[TIPO_ASEGURAMIENTO_SIN_NA´S], "TRABAJADOR INDEPENDIENTE") -> 700
B23: CE de Asegurados Voluntarios | C23: =COUNTIF(moras[TIPO_ASEGURAMIENTO_SIN_NA´S], "CONVENIOS ESPECIALES DE ASEGURADOS VOLUNTARIOS") -> 31
B24: CE de Trabajadores Independientes | C24: =COUNTIF(moras[TIPO_ASEGURAMIENTO_SIN_NA´S], "CONVENIOS ESPECIALES DE TRABAJADORES INDEPENDIENTES") -> 157
B26: Sector | C26: Frecuencia observada
B27: Sector privado | C27: =COUNTIF(moras[SECTOR], "SECTOR PRIVADO") -> 3906
B28: Sector público | C28: =COUNTIF(moras[SECTOR], "SECTOR PUBLICO") -> 1094

Sheet 7-Porcentaje Personas Morosas
B2: Sexo | C2: Porcentaje morosidad
B3: Hombre | C3: =COUNTIFS(moras[SEXO], "HOMBRE", moras[INDICADOR_MOROSO], "SI")/COUNTIF(moras[SEXO], "HOMBRE") -> 0.17729084
B4: Mujer | C4: =COUNTIFS(moras[SEXO], "MUJER", moras[INDICADOR_MOROSO], "SI")/COUNTIF(moras[SEXO], "MUJER") -> 0.16901408
B6: Indicador Activo | C6: Porcentaje morosidad
B7: Si | C7: =COUNTIFS(moras[INDICADOR_ACTIVO], "SI", moras[INDICADOR_MOROSO], "SI")/COUNTIF(moras[INDICADOR_ACTIVO], "SI") -> 0.17156665
B8: No | C8: =COUNTIFS(moras[INDICADOR_ACTIVO], "NO", moras[INDICADOR_MOROSO], "SI")/COUNTIF(moras[INDICADOR_ACTIVO], "NO") -> 0.52941176
B10: Indicador Extranjero | C10: Porcentaje morosidad
B11: Si | C11: =COUNTIFS(moras[INDICADOR.EXTRANJERO], "SI", moras[INDICADOR_MOROSO], "SI")/COUNTIF(moras[INDICADOR.EXTRANJERO], "SI") -> 0.24046434
B12: No | C12: =COUNTIFS(moras[INDICADOR.EXTRANJERO], "NO", moras[INDICADOR_MOROSO], "SI")/COUNTIF(moras[INDICADOR.EXTRANJERO], "NO") -> 0.16488515
B14: Tipo Aseguramiento | C14: Porcentaje morosidad
B15: Asalariado | C15: =COUNTIFS(moras[TIPO_ASEGURAMIENTO_SIN_NA´S], "ASALARIADO", moras[INDICADOR_MOROSO], "SI")/COUNTIF(moras[TIPO_ASEGURAMIENTO_SIN_NA´S], "ASALARIADO") -> 0.1198037
B16: Asegurado Voluntario | C16: =COUNTIFS(moras[TIPO_ASEGURAMIENTO_SIN_NA´S], "ASEGURADO VOLUNTARIO", moras[INDICADOR_MOROSO], "SI")/COUNTIF(moras[TIPO_ASEGURAMIENTO_SIN_NA´S], "ASEGURADO VOLUNTARIO") -> 0.13302752
B17: Pensionados en su propio sistema | C17: =COUNTIFS(moras[TIPO_ASEGURAMIENTO_SIN_NA´S], "PENSIONADOS EN SU PROPIO SISTEMA", moras[INDICADOR_MOROSO], "SI")/COUNTIF(moras[TIPO_ASEGURAMIENTO_SIN_NA´S], "PENSIONADOS EN SU PROPIO SISTEMA") -> 0
B18: Trabajador independiente | C18: =COUNTIFS(moras[TIPO_ASEGURAMIENTO_SIN_NA´S], "TRABAJADOR INDEPENDIENTE", moras[INDICADOR_MOROSO], "SI")/COUNTIF(moras[TIPO_ASEGURAMIENTO_SIN_NA´S], "TRABAJADOR INDEPENDIENTE") -> 0.56142857
B19: CE de Asegurados Voluntarios | C19: =COUNTIFS(moras[TIPO_ASEGURAMIENTO_SIN_NA´S], "CONVENIOS ESPECIALES DE ASEGURADOS VOLUNTARIOS", moras[INDICADOR_MOROSO], "SI")/COUNTIF(moras[TIPO_ASEGURAMIENTO_SIN_NA´S], "CONVENIOS ESPECIALES DE ASEGURADOS VOLUNTARIOS") -> 0
B20: CE de Trabajadores Independientes | C20: =COUNTIFS(moras[TIPO_ASEGURAMIENTO_SIN_NA´S], "CONVENIOS ESPECIALES DE TRABAJADORES INDEPENDIENTES", moras[INDICADOR_MOROSO], "SI")/COUNTIF(moras[TIPO_ASEGURAMIENTO_SIN_NA´S], "CONVENIOS ESPECIALES DE TRABAJADORES INDEPENDIENTES") -> 0.025477707
B22: Sector | C22: Porcentaje morosidad
B23: Sector privado | C23: =COUNTIFS(moras[SECTOR], "SECTOR PRIVADO", moras[INDICADOR_MOROSO], "SI")/COUNTIF(moras[SECTOR], "SECTOR PRIVADO") -> 0.18023554
B24: Sector público | C24: =COUNTIFS(moras[SECTOR], "SECTOR PUBLICO", moras[INDICADOR_MOROSO], "SI")/COUNTIF(moras[SECTOR], "SECTOR PUBLICO") -> 0.15173675

Sheet 8-Morosidad en númericas
C2: Salario
B3: Q1 | C3: =PERCENTILE(moras[SALARIO SIN NA´S], 0.25) -> 310124
B4: Q2 | C4: =PERCENTILE(moras[SALARIO SIN NA´S], 0.5) -> 639148
B5: Q3 | C5: =PERCENTILE(moras[SALARIO SIN NA´S], 0.75) -> 23216469
B7: Salario | C7: Morosidad | D7: Sin Morosidad
B8: Bajo | C8: =COUNTIFS(moras[SALARIO_GRUPO], "BAJO", moras[INDICADOR_MOROSO], "SI") -> 288 | D8: =COUNTIFS(moras[SALARIO_GRUPO], "Bajo", moras[INDICADOR_MOROSO], "NO") -> 976
B9: Medio-Bajo | C9: =COUNTIFS(moras[SALARIO_GRUPO], "MEDIO-BAJO", moras[INDICADOR_MOROSO], "SI") -> 393 | D9: =COUNTIFS(moras[SALARIO_GRUPO], "MEDIO-BAJO", moras[INDICADOR_MOROSO], "NO") -> 888
B10: Medio-Alto | C10: =COUNTIFS(moras[SALARIO_GRUPO], "MEDIO-ALTO", moras[INDICADOR_MOROSO], "SI") -> 155 | D10: =COUNTIFS(moras[SALARIO_GRUPO], "MEDIO-ALTO", moras[INDICADOR_MOROSO], "NO") -> 1050
B11: Alto | C11: =COUNTIFS(moras[SALARIO_GRUPO], "ALTO", moras[INDICADOR_MOROSO], "SI") -> 34 | D11: =COUNTIFS(moras[SALARIO_GRUPO], "ALTO", moras[INDICADOR_MOROSO], "NO") -> 1216
B14: Edad | C14: Morosidad | D14: Sin Morosidad
B15: De 10 a 29 | C15: =COUNTIFS(moras[EDAD_GRUPO], ">=10", moras[EDAD_GRUPO], "<30", moras[INDICADOR_MOROSO], "SI") -> 122 | D15: =COUNTIFS(moras[EDAD_GRUPO], ">=10", moras[EDAD_GRUPO], "<30", moras[INDICADOR_MOROSO], "NO") -> 978
B16: de 30 a 59 | C16: =COUNTIFS(moras[EDAD_GRUPO], ">=30", moras[EDAD_GRUPO], "<60", moras[INDICADOR_MOROSO], "SI") -> 650 | D16: =COUNTIFS(moras[EDAD_GRUPO], ">=30", moras[EDAD_GRUPO], "<60", moras[INDICADOR_MOROSO], "NO") -> 2661
B17: De 60 a 90 | C17: =COUNTIFS(moras[EDAD_GRUPO], ">=60", moras[EDAD_GRUPO], "<=90", moras[INDICADOR_MOROSO], "SI") -> 98 | D17: =COUNTIFS(moras[EDAD_GRUPO], ">=60", moras[EDAD_GRUPO], "<=90", moras[INDICADOR_MOROSO], "NO") -> 491
